Workbook
Name CAP_A: Handicaps!$A$7
Name CAP_B: Handicaps!$D$7
Name HDCP_GRP_A1: Handicaps!$A$2
Name HDCP_GRP_A2: Handicaps!$A$3
Name HDCP_GRP_A3: Handicaps!$A$4
Name HDCP_GRP_A4: Handicaps!$A$5
Name HDCP_GRP_B1: Handicaps!$D$2
Name HDCP_GRP_B2: Handicaps!$D$3
Name HDCP_GRP_B3: Handicaps!$D$4
Name HDCP_GRP_B4: Handicaps!$D$5
Name HDCP_V_A1: Handicaps!$B$2
Name HDCP_V_A2: Handicaps!$B$3
Name HDCP_V_A3: Handicaps!$B$4
Name HDCP_V_A4: Handicaps!$B$5
Name HDCP_V_B1: Handicaps!$E$2
Name HDCP_V_B2: Handicaps!$E$3
Name HDCP_V_B3: Handicaps!$E$4
Name HDCP_V_B4: Handicaps!$E$5
Name POINTS_CAP_A: Handicaps!$B$7
Name POINTS_CAP_B: Handicaps!$E$7
Name POINTS_CAP_W: 'Stage Data - W'!$AX$2

Sheet Stage Data - A
B1: Handicap Group | D1: Stage 1 | J1: Stage 2 | P1: Stage 3a | V1: Stage 3b | AB1: Stage 4 | AH1: Stage 5 | AN1: Stage 6 | AT1: Base Points | AU1: Adjusted Points
D2: Position | E2: Time | F2: Points | J2: Position | K2: Time | L2: Points | P2: Position | Q2: Time | R2: Points | V2: Position | W2: Time | X2: Points | AB2: Position | AC2: Time | AD2: Points | AH2: Position | AI2: Time | AJ2: Points | AN2: Position | AO2: Time | AP2: Points
A3: Name | F3: Base | G3: Handicap | H3: Adjusted | L3: Base | M3: Handicap | N3: Adjusted | R3: Base | S3: Handicap | T3: Adjusted | X3: Base | Y3: Handicap | Z3: Adjusted | AD3: Base | AE3: Handicap | AF3: Adjusted | AJ3: Base | AK3: Handicap | AL3: Adjusted | AP3: Base | AQ3: Handicap | AR3: Adjusted
A5: Tom Kennett | B5: 1 | D5: 4 | E5: 0.023726852 | F5: =IF(COUNT(D$5:D$48)=0,"",IF(ISNUMBER(D5),1+POINTS_CAP_A-D5,0)) -> 27 | G5: {=IF(COUNT(D$5:D$48)=0,"", IFERROR(CHOOSE($B5,HDCP_V_A1,HDCP_V_A2,HDCP_V_A3,HDCP_V_A4),0))} -> 0 | H5: =IF(COUNT(D$5:D$48)=0,"",MIN(F5+G5,POINTS_CAP_A)) -> 27 | J5: 2 | K5: 0.019965278 | L5: =IF(COUNT(J$5:J$48)=0,"",IF(ISNUMBER(J5),1+POINTS_CAP_A-J5,0)) -> 29 | M5: {=IF(COUNT(J$5:J$48)=0,"", IFERROR(CHOOSE($B5,HDCP_V_A1,HDCP_V_A2,HDCP_V_A3,HDCP_V_A4),0))} -> 0 | N5: =IF(COUNT(J$5:J$48)=0,"",MIN(L5+M5,POINTS_CAP_A)) -> 29 | P5: 4 | Q5: 0.03037037 | R5: =IF(COUNT(P$5:P$48)=0,"",IF(ISNUMBER(P5),1+POINTS_CAP_A-P5,0)) -> 27 | S5: {=IF(COUNT(P$5:P$48)=0,"", IFERROR(CHOOSE($B5,HDCP_V_A1,HDCP_V_A2,HDCP_V_A3,HDCP_V_A4),0))} -> 0 | T5: =IF(COUNT(P$5:P$48)=0,"",MIN(R5+S5,POINTS_CAP_A)) -> 27 | V5: 3 | W5: 0.020821759 | X5: =IF(COUNT(V$5:V$48)=0,"",IF(ISNUMBER(V5),1+POINTS_CAP_A-V5,0)) -> 28 | Y5: {=IF(COUNT(V$5:V$48)=0,"", IFERROR(CHOOSE($B5,HDCP_V_A1,HDCP_V_A2,HDCP_V_A3,HDCP_V_A4),0))} -> 0 | Z5: =IF(COUNT(V$5:V$48)=0,"",MIN(X5+Y5,POINTS_CAP_A)) -> 28 | AB5: 1 | AC5: 0.041215278 | AD5: =IF(COUNT(AB$5:AB$48)=0,"",IF(ISNUMBER(AB5),1+POINTS_CAP_A-AB5,0)) -> 30 | AE5: {=IF(COUNT(AB$5:AB$48)=0,"", IFERROR(CHOOSE($B5,HDCP_V_A1,HDCP_V_A2,HDCP_V_A3,HDCP_V_A4),0))} -> 0 | AF5: =IF(COUNT(AB$5:AB$48)=0,"",MIN(AD5+AE5,POINTS_CAP_A)) -> 30 | AJ5: =IF(COUNT(AH$5:AH$48)=0,"",IF(ISNUMBER(AH5),1+POINTS_CAP_A-AH5,0)) | AK5: {=IF(COUNT(AH$5:AH$48)=0,"", IFERROR(CHOOSE($B5,HDCP_V_A1,HDCP_V_A2,HDCP_V_A3,HDCP_V_A4),0))} | AL5: =IF(COUNT(AH$5:AH$48)=0,"",MIN(AJ5+AK5,POINTS_CAP_A)) | AP5: =IF(COUNT(AN$5:AN$48)=0,"",IF(ISNUMBER(AN5),1+POINTS_CAP_A-AN5,0)) | AQ5: {=IF(COUNT(AN$5:AN$48)=0,"", IFERROR(CHOOSE($B5,HDCP_V_A1,HDCP_V_A2,HDCP_V_A3,HDCP_V_A4),0))} | AR5: =IF(COUNT(AN$5:AN$48)=0,"",MIN(AP5+AQ5,POINTS_CAP_A)) | AT5: =IF(F5="","",SUM(F5,L5,R5,X5,AD5,AJ5,AP5)) -> 141 | AU5: =IF(H5="","",SUM(H5,N5,T5,Z5,AF5,AL5,AR5)) -> 141
A6: Raif Oz | B6: 1 | D6: 5 | E6: 0.023726852 | F6: =IF(COUNT(D$5:D$48)=0,"",IF(ISNUMBER(D6),1+POINTS_CAP_A-D6,0)) -> 26 | G6: {=IF(COUNT(D$5:D$48)=0,"", IFERROR(CHOOSE($B6,HDCP_V_A1,HDCP_V_A2,HDCP_V_A3,HDCP_V_A4),0))} -> 0 | H6: =IF(COUNT(D$5:D$48)=0,"",MIN(F6+G6,POINTS_CAP_A)) -> 26 | J6: 1 | K6: 0.019965278 | L6: =IF(COUNT(J$5:J$48)=0,"",IF(ISNUMBER(J6),1+POINTS_CAP_A-J6,0)) -> 30 | M6: {=IF(COUNT(J$5:J$48)=0,"", IFERROR(CHOOSE($B6,HDCP_V_A1,HDCP_V_A2,HDCP_V_A3,HDCP_V_A4),0))} -> 0 | N6: =IF(COUNT(J$5:J$48)=0,"",MIN(L6+M6,POINTS_CAP_A)) -> 30 | P6: 3 | Q6: 0.030173611 | R6: =IF(COUNT(P$5:P$48)=0,"",IF(ISNUMBER(P6),1+POINTS_CAP_A-P6,0)) -> 28 | S6: {=IF(COUNT(P$5:P$48)=0,"", IFERROR(CHOOSE($B6,HDCP_V_A1,HDCP_V_A2,HDCP_V_A3,HDCP_V_A4),0))} -> 0 | T6: =IF(COUNT(P$5:P$48)=0,"",MIN(R6+S6,POINTS_CAP_A)) -> 28 | V6: 11 | W6: 0.021666667 | X6: =IF(COUNT(V$5:V$48)=0,"",IF(ISNUMBER(V6),1+POINTS_CAP_A-V6,0)) -> 20 | Y6: {=IF(COUNT(V$5:V$48)=0,"", IFERROR(CHOOSE($B6,HDCP_V_A1,HDCP_V_A2,HDCP_V_A3,HDCP_V_A4),0))} -> 0 | Z6: =IF(COUNT(V$5:V$48)=0,"",MIN(X6+Y6,POINTS_CAP_A)) -> 20 | AB6: 6 | AC6: 0.042615741 | AD6: =IF(COUNT(AB$5:AB$48)=0,"",IF(ISNUMBER(AB6),1+POINTS_CAP_A-AB6,0)) -> 25 | AE6: {=IF(COUNT(AB$5:AB$48)=0,"", IFERROR(CHOOSE($B6,HDCP_V_A1,HDCP_V_A2,HDCP_V_A3,HDCP_V_A4),0))} -> 0 | AF6: =IF(COUNT(AB$5:AB$48)=0,"",MIN(AD6+AE6,POINTS_CAP_A)) -> 25 | AJ6: =IF(COUNT(AH$5:AH$48)=0,"",IF(ISNUMBER(AH6),1+POINTS_CAP_A-AH6,0)) | AK6: {=IF(COUNT(AH$5:AH$48)=0,"", IFERROR(CHOOSE($B6,HDCP_V_A1,HDCP_V_A2,HDCP_V_A3,HDCP_V_A4),0))} | AL6: =IF(COUNT(AH$5:AH$48)=0,"",MIN(AJ6+AK6,POINTS_CAP_A)) | AP6: =IF(COUNT(AN$5:AN$48)=0,"",IF(ISNUMBER(AN6),1+POINTS_CAP_A-AN6,0)) | AQ6: {=IF(COUNT(AN$5:AN$48)=0,"", IFERROR(CHOOSE($B6,HDCP_V_A1,HDCP_V_A2,HDCP_V_A3,HDCP_V_A4),0))} | AR6: =IF(COUNT(AN$5:AN$48)=0,"",MIN(AP6+AQ6,POINTS_CAP_A)) | AT6: =IF(F6="","",SUM(F6,L6,R6,X6,AD6,AJ6,AP6)) -> 129 | AU6: =IF(H6="","",SUM(H6,N6,T6,Z6,AF6,AL6,AR6)) -> 129
A7: Seb Ashton | B7: 1 | D7: 2 | E7: 0.023726852 | F7: =IF(COUNT(D$5:D$48)=0,"",IF(ISNUMBER(D7),1+POINTS_CAP_A-D7,0)) -> 29 | G7: {=IF(COUNT(D$5:D$48)=0,"", IFERROR(CHOOSE($B7,HDCP_V_A1,HDCP_V_A2,HDCP_V_A3,HDCP_V_A4),0))} -> 0 | H7: =IF(COUNT(D$5:D$48)=0,"",MIN(F7+G7,POINTS_CAP_A)) -> 29 | J7: 4 | K7: 0.019976852 | L7: =IF(COUNT(J$5:J$48)=0,"",IF(ISNUMBER(J7),1+POINTS_CAP_A-J7,0)) -> 27 | M7: {=IF(COUNT(J$5:J$48)=0,"", IFERROR(CHOOSE($B7,HDCP_V_A1,HDCP_V_A2,HDCP_V_A3,HDCP_V_A4),0))} -> 0 | N7: =IF(COUNT(J$5:J$48)=0,"",MIN(L7+M7,POINTS_CAP_A)) -> 27 | P7: 2 | Q7: 0.029606481 | R7: =IF(COUNT(P$5:P$48)=0,"",IF(ISNUMBER(P7),1+POINTS_CAP_A-P7,0)) -> 29 | S7: {=IF(COUNT(P$5:P$48)=0,"", IFERROR(CHOOSE($B7,HDCP_V_A1,HDCP_V_A2,HDCP_V_A3,HDCP_V_A4),0))} -> 0 | T7: =IF(COUNT(P$5:P$48)=0,"",MIN(R7+S7,POINTS_CAP_A)) -> 29 | V7: 5 | W7: 0.02125 | X7: =IF(COUNT(V$5:V$48)=0,"",IF(ISNUMBER(V7),1+POINTS_CAP_A-V7,0)) -> 26 | Y7: {=IF(COUNT(V$5:V$48)=0,"", IFERROR(CHOOSE($B7,HDCP_V_A1,HDCP_V_A2,HDCP_V_A3,HDCP_V_A4),0))} -> 0 | Z7: =IF(COUNT(V$5:V$48)=0,"",MIN(X7+Y7,POINTS_CAP_A)) -> 26 | AB7: 4 | AC7: 0.041921296 | AD7: =IF(COUNT(AB$5:AB$48)=0,"",IF(ISNUMBER(AB7),1+POINTS_CAP_A-AB7,0)) -> 27 | AE7: {=IF(COUNT(AB$5:AB$48)=0,"", IFERROR(CHOOSE($B7,HDCP_V_A1,HDCP_V_A2,HDCP_V_A3,HDCP_V_A4),0))} -> 0 | AF7: =IF(COUNT(AB$5:AB$48)=0,"",MIN(AD7+AE7,POINTS_CAP_A)) -> 27 | AJ7: =IF(COUNT(AH$5:AH$48)=0,"",IF(ISNUMBER(AH7),1+POINTS_CAP_A-AH7,0)) | AK7: {=IF(COUNT(AH$5:AH$48)=0,"", IFERROR(CHOOSE($B7,HDCP_V_A1,HDCP_V_A2,HDCP_V_A3,HDCP_V_A4),0))} | AL7: =IF(COUNT(AH$5:AH$48)=0,"",MIN(AJ7+AK7,POINTS_CAP_A)) | AP7: =IF(COUNT(AN$5:AN$48)=0,"",IF(ISNUMBER(AN7),1+POINTS_CAP_A-AN7,0)) | AQ7: {=IF(COUNT(AN$5:AN$48)=0,"", IFERROR(CHOOSE($B7,HDCP_V_A1,HDCP_V_A2,HDCP_V_A3,HDCP_V_A4),0))} | AR7: =IF(COUNT(AN$5:AN$48)=0,"",MIN(AP7+AQ7,POINTS_CAP_A)) | AT7: =IF(F7="","",SUM(F7,L7,R7,X7,AD7,AJ7,AP7)) -> 138 | AU7: =IF(H7="","",SUM(H7,N7,T7,Z7,AF7,AL7,AR7)) -> 138
A8: Conor Walsh | B8: 1 | D8: 10 | E8: 0.024282407 | F8: =IF(COUNT(D$5:D$48)=0,"",IF(ISNUMBER(D8),1+POINTS_CAP_A-D8,0)) -> 21 | G8: {=IF(COUNT(D$5:D$48)=0,"", IFERROR(CHOOSE($B8,HDCP_V_A1,HDCP_V_A2,HDCP_V_A3,HDCP_V_A4),0))} -> 0 | H8: =IF(COUNT(D$5:D$48)=0,"",MIN(F8+G8,POINTS_CAP_A)) -> 21 | J8: 27 | K8: 0.024537037 | L8: =IF(COUNT(J$5:J$48)=0,"",IF(ISNUMBER(J8),1+POINTS_CAP_A-J8,0)) -> 4 | M8: {=IF(COUNT(J$5:J$48)=0,"", IFERROR(CHOOSE($B8,HDCP_V_A1,HDCP_V_A2,HDCP_V_A3,HDCP_V_A4),0))} -> 0 | N8: =IF(COUNT(J$5:J$48)=0,"",MIN(L8+M8,POINTS_CAP_A)) -> 4 | P8: 10 | Q8: 0.031921296 | R8: =IF(COUNT(P$5:P$48)=0,"",IF(ISNUMBER(P8),1+POINTS_CAP_A-P8,0)) -> 21 | S8: {=IF(COUNT(P$5:P$48)=0,"", IFERROR(CHOOSE($B8,HDCP_V_A1,HDCP_V_A2,HDCP_V_A3,HDCP_V_A4),0))} -> 0 | T8: =IF(COUNT(P$5:P$48)=0,"",MIN(R8+S8,POINTS_CAP_A)) -> 21 | V8: 13 | W8: 0.021863426 | X8: =IF(COUNT(V$5:V$48)=0,"",IF(ISNUMBER(V8),1+POINTS_CAP_A-V8,0)) -> 18 | Y8: {=IF(COUNT(V$5:V$48)=0,"", IFERROR(CHOOSE($B8,HDCP_V_A1,HDCP_V_A2,HDCP_V_A3,HDCP_V_A4),0))} -> 0 | Z8: =IF(COUNT(V$5:V$48)=0,"",MIN(X8+Y8,POINTS_CAP_A)) -> 18 | AB8: 7 | AC8: 0.043240741 | AD8: =IF(COUNT(AB$5:AB$48)=0,"",IF(ISNUMBER(AB8),1+POINTS_CAP_A-AB8,0)) -> 24 | AE8: {=IF(COUNT(AB$5:AB$48)=0,"", IFERROR(CHOOSE($B8,HDCP_V_A1,HDCP_V_A2,HDCP_V_A3,HDCP_V_A4),0))} -> 0 | AF8: =IF(COUNT(AB$5:AB$48)=0,"",MIN(AD8+AE8,POINTS_CAP_A)) -> 24 | AJ8: =IF(COUNT(AH$5:AH$48)=0,"",IF(ISNUMBER(AH8),1+POINTS_CAP_A-AH8,0)) | AK8: {=IF(COUNT(AH$5:AH$48)=0,"", IFERROR(CHOOSE($B8,HDCP_V_A1,HDCP_V_A2,HDCP_V_A3,HDCP_V_A4),0))} | AL8: =IF(COUNT(AH$5:AH$48)=0,"",MIN(AJ8+AK8,POINTS_CAP_A)) | AP8: =IF(COUNT(AN$5:AN$48)=0,"",IF(ISNUMBER(AN8),1+POINTS_CAP_A-AN8,0)) | AQ8: {=IF(COUNT(AN$5:AN$48)=0,"", IFERROR(CHOOSE($B8,HDCP_V_A1,HDCP_V_A2,HDCP_V_A3,HDCP_V_A4),0))} | AR8: =IF(COUNT(AN$5:AN$48)=0,"",MIN(AP8+AQ8,POINTS_CAP_A)) | AT8: =IF(F8="","",SUM(F8,L8,R8,X8,AD8,AJ8,AP8)) -> 88 | AU8: =IF(H8="","",SUM(H8,N8,T8,Z8,AF8,AL8,AR8)) -> 88
A9: Judah Rand | B9: 1 | D9: 1 | E9: 0.023715278 | F9: =IF(COUNT(D$5:D$48)=0,"",IF(ISNUMBER(D9),1+POINTS_CAP_A-D9,0)) -> 30 | G9: {=IF(COUNT(D$5:D$48)=0,"", IFERROR(CHOOSE($B9,HDCP_V_A1,HDCP_V_A2,HDCP_V_A3,HDCP_V_A4),0))} -> 0 | H9: =IF(COUNT(D$5:D$48)=0,"",MIN(F9+G9,POINTS_CAP_A)) -> 30 | J9: 3 | K9: 0.019976852 | L9: =IF(COUNT(J$5:J$48)=0,"",IF(ISNUMBER(J9),1+POINTS_CAP_A-J9,0)) -> 28 | M9: {=IF(COUNT(J$5:J$48)=0,"", IFERROR(CHOOSE($B9,HDCP_V_A1,HDCP_V_A2,HDCP_V_A3,HDCP_V_A4),0))} -> 0 | N9: =IF(COUNT(J$5:J$48)=0,"",MIN(L9+M9,POINTS_CAP_A)) -> 28 | P9: 1 | Q9: 0.029606481 | R9: =IF(COUNT(P$5:P$48)=0,"",IF(ISNUMBER(P9),1+POINTS_CAP_A-P9,0)) -> 30 | S9: {=IF(COUNT(P$5:P$48)=0,"", IFERROR(CHOOSE($B9,HDCP_V_A1,HDCP_V_A2,HDCP_V_A3,HDCP_V_A4),0))} -> 0 | T9: =IF(COUNT(P$5:P$48)=0,"",MIN(R9+S9,POINTS_CAP_A)) -> 30 | V9: 1 | W9: 0.020729167 | X9: =IF(COUNT(V$5:V$48)=0,"",IF(ISNUMBER(V9),1+POINTS_CAP_A-V9,0)) -> 30 | Y9: {=IF(COUNT(V$5:V$48)=0,"", IFERROR(CHOOSE($B9,HDCP_V_A1,HDCP_V_A2,HDCP_V_A3,HDCP_V_A4),0))} -> 0 | Z9: =IF(COUNT(V$5:V$48)=0,"",MIN(X9+Y9,POINTS_CAP_A)) -> 30 | AB9: 2 | AC9: 0.041724537 | AD9: =IF(COUNT(AB$5:AB$48)=0,"",IF(ISNUMBER(AB9),1+POINTS_CAP_A-AB9,0)) -> 29 | AE9: {=IF(COUNT(AB$5:AB$48)=0,"", IFERROR(CHOOSE($B9,HDCP_V_A1,HDCP_V_A2,HDCP_V_A3,HDCP_V_A4),0))} -> 0 | AF9: =IF(COUNT(AB$5:AB$48)=0,"",MIN(AD9+AE9,POINTS_CAP_A)) -> 29 | AJ9: =IF(COUNT(AH$5:AH$48)=0,"",IF(ISNUMBER(AH9),1+POINTS_CAP_A-AH9,0)) | AK9: {=IF(COUNT(AH$5:AH$48)=0,"", IFERROR(CHOOSE($B9,HDCP_V_A1,HDCP_V_A2,HDCP_V_A3,HDCP_V_A4),0))} | AL9: =IF(COUNT(AH$5:AH$48)=0,"",MIN(AJ9+AK9,POINTS_CAP_A)) | AP9: =IF(COUNT(AN$5:AN$48)=0,"",IF(ISNUMBER(AN9),1+POINTS_CAP_A-AN9,0)) | AQ9: {=IF(COUNT(AN$5:AN$48)=0,"", IFERROR(CHOOSE($B9,HDCP_V_A1,HDCP_V_A2,HDCP_V_A3,HDCP_V_A4),0))} | AR9: =IF(COUNT(AN$5:AN$48)=0,"",MIN(AP9+AQ9,POINTS_CAP_A)) | AT9: =IF(F9="","",SUM(F9,L9,R9,X9,AD9,AJ9,AP9)) -> 147 | AU9: =IF(H9="","",SUM(H9,N9,T9,Z9,AF9,AL9,AR9)) -> 147
A10: Jonny Bodey | B10: 2 | D10: 13 | E10: 0.0246875 | F10: =IF(COUNT(D$5:D$48)=0,"",IF(ISNUMBER(D10),1+POINTS_CAP_A-D10,0)) -> 18 | G10: {=IF(COUNT(D$5:D$48)=0,"", IFERROR(CHOOSE($B10,HDCP_V_A1,HDCP_V_A2,HDCP_V_A3,HDCP_V_A4),0))} -> 6 | H10: =IF(COUNT(D$5:D$48)=0,"",MIN(F10+G10,POINTS_CAP_A)) -> 24 | J10: 12 | K10: 0.020335648 | L10: =IF(COUNT(J$5:J$48)=0,"",IF(ISNUMBER(J10),1+POINTS_CAP_A-J10,0)) -> 19 | M10: {=IF(COUNT(J$5:J$48)=0,"", IFERROR(CHOOSE($B10,HDCP_V_A1,HDCP_V_A2,HDCP_V_A3,HDCP_V_A4),0))} -> 6 | N10: =IF(COUNT(J$5:J$48)=0,"",MIN(L10+M10,POINTS_CAP_A)) -> 25 | P10: 11 | Q10: 0.032094907 | R10: =IF(COUNT(P$5:P$48)=0,"",IF(ISNUMBER(P10),1+POINTS_CAP_A-P10,0)) -> 20 | S10: {=IF(COUNT(P$5:P$48)=0,"", IFERROR(CHOOSE($B10,HDCP_V_A1,HDCP_V_A2,HDCP_V_A3,HDCP_V_A4),0))} -> 6 | T10: =IF(COUNT(P$5:P$48)=0,"",MIN(R10+S10,POINTS_CAP_A)) -> 26 | V10: 19 | W10: 0.0225 | X10: =IF(COUNT(V$5:V$48)=0,"",IF(ISNUMBER(V10),1+POINTS_CAP_A-V10,0)) -> 12 | Y10: {=IF(COUNT(V$5:V$48)=0,"", IFERROR(CHOOSE($B10,HDCP_V_A1,HDCP_V_A2,HDCP_V_A3,HDCP_V_A4),0))} -> 6 | Z10: =IF(COUNT(V$5:V$48)=0,"",MIN(X10+Y10,POINTS_CAP_A)) -> 18 | AB10: 10 | AC10: 0.044467593 | AD10: =IF(COUNT(AB$5:AB$48)=0,"",IF(ISNUMBER(AB10),1+POINTS_CAP_A-AB10,0)) -> 21 | AE10: {=IF(COUNT(AB$5:AB$48)=0,"", IFERROR(CHOOSE($B10,HDCP_V_A1,HDCP_V_A2,HDCP_V_A3,HDCP_V_A4),0))} -> 6 | AF10: =IF(COUNT(AB$5:AB$48)=0,"",MIN(AD10+AE10,POINTS_CAP_A)) -> 27 | AJ10: =IF(COUNT(AH$5:AH$48)=0,"",IF(ISNUMBER(AH10),1+POINTS_CAP_A-AH10,0)) | AK10: {=IF(COUNT(AH$5:AH$48)=0,"", IFERROR(CHOOSE($B10,HDCP_V_A1,HDCP_V_A2,HDCP_V_A3,HDCP_V_A4),0))} | AL10: =IF(COUNT(AH$5:AH$48)=0,"",MIN(AJ10+AK10,POINTS_CAP_A)) | AP10: =IF(COUNT(AN$5:AN$48)=0,"",IF(ISNUMBER(AN10),1+POINTS_CAP_A-AN10,0)) | AQ10: {=IF(COUNT(AN$5:AN$48)=0,"", IFERROR(CHOOSE($B10,HDCP_V_A1,HDCP_V_A2,HDCP_V_A3,HDCP_V_A4),0))} | AR10: =IF(COUNT(AN$5:AN$48)=0,"",MIN(AP10+AQ10,POINTS_CAP_A)) | AT10: =IF(F10="","",SUM(F10,L10,R10,X10,AD10,AJ10,AP10)) -> 90 | AU10: =IF(H10="","",SUM(H10,N10,T10,Z10,AF10,AL10,AR10)) -> 120
A11: Neal Beauchamp | B11: 2 | D11: 11 | E11: 0.02431713 | F11: =IF(COUNT(D$5:D$48)=0,"",IF(ISNUMBER(D11),1+POINTS_CAP_A-D11,0)) -> 20 | G11: {=IF(COUNT(D$5:D$48)=0,"", IFERROR(CHOOSE($B11,HDCP_V_A1,HDCP_V_A2,HDCP_V_A3,HDCP_V_A4),0))} -> 6 | H11: =IF(COUNT(D$5:D$48)=0,"",MIN(F11+G11,POINTS_CAP_A)) -> 26 | J11: 10 | K11: 0.020300926 | L11: =IF(COUNT(J$5:J$48)=0,"",IF(ISNUMBER(J11),1+POINTS_CAP_A-J11,0)) -> 21 | M11: {=IF(COUNT(J$5:J$48)=0,"", IFERROR(CHOOSE($B11,HDCP_V_A1,HDCP_V_A2,HDCP_V_A3,HDCP_V_A4),0))} -> 6 | N11: =IF(COUNT(J$5:J$48)=0,"",MIN(L11+M11,POINTS_CAP_A)) -> 27 | P11: 7 | Q11: 0.031203704 | R11: =IF(COUNT(P$5:P$48)=0,"",IF(ISNUMBER(P11),1+POINTS_CAP_A-P11,0)) -> 24 | S11: {=IF(COUNT(P$5:P$48)=0,"", IFERROR(CHOOSE($B11,HDCP_V_A1,HDCP_V_A2,HDCP_V_A3,HDCP_V_A4),0))} -> 6 | T11: =IF(COUNT(P$5:P$48)=0,"",MIN(R11+S11,POINTS_CAP_A)) -> 30 | V11: 8 | W11: 0.035358796 | X11: =IF(COUNT(V$5:V$48)=0,"",IF(ISNUMBER(V11),1+POINTS_CAP_A-V11,0)) -> 23 | Y11: {=IF(COUNT(V$5:V$48)=0,"", IFERROR(CHOOSE($B11,HDCP_V_A1,HDCP_V_A2,HDCP_V_A3,HDCP_V_A4),0))} -> 6 | Z11: =IF(COUNT(V$5:V$48)=0,"",MIN(X11+Y11,POINTS_CAP_A)) -> 29 | AB11: 11 | AC11: 0.04462963 | AD11: =IF(COUNT(AB$5:AB$48)=0,"",IF(ISNUMBER(AB11),1+POINTS_CAP_A-AB11,0)) -> 20 | AE11: {=IF(COUNT(AB$5:AB$48)=0,"", IFERROR(CHOOSE($B11,HDCP_V_A1,HDCP_V_A2,HDCP_V_A3,HDCP_V_A4),0))} -> 6 | AF11: =IF(COUNT(AB$5:AB$48)=0,"",MIN(AD11+AE11,POINTS_CAP_A)) -> 26 | AJ11: =IF(COUNT(AH$5:AH$48)=0,"",IF(ISNUMBER(AH11),1+POINTS_CAP_A-AH11,0)) | AK11: {=IF(COUNT(AH$5:AH$48)=0,"", IFERROR(CHOOSE($B11,HDCP_V_A1,HDCP_V_A2,HDCP_V_A3,HDCP_V_A4),0))} | AL11: =IF(COUNT(AH$5:AH$48)=0,"",MIN(AJ11+AK11,POINTS_CAP_A)) | AP11: =IF(COUNT(AN$5:AN$48)=0,"",IF(ISNUMBER(AN11),1+POINTS_CAP_A-AN11,0)) | AQ11: {=IF(COUNT(AN$5:AN$48)=0,"", IFERROR(CHOOSE($B11,HDCP_V_A1,HDCP_V_A2,HDCP_V_A3,HDCP_V_A4),0))} | AR11: =IF(COUNT(AN$5:AN$48)=0,"",MIN(AP11+AQ11,POINTS_CAP_A)) | AT11: =IF(F11="","",SUM(F11,L11,R11,X11,AD11,AJ11,AP11)) -> 108 | AU11: =IF(H11="","",SUM(H11,N11,T11,Z11,AF11,AL11,AR11)) -> 138
A12: Henrik Persson | B12: 2 | D12: 6 | E12: 0.023831019 | F12: =IF(COUNT(D$5:D$48)=0,"",IF(ISNUMBER(D12),1+POINTS_CAP_A-D12,0)) -> 25 | G12: {=IF(COUNT(D$5:D$48)=0,"", IFERROR(CHOOSE($B12,HDCP_V_A1,HDCP_V_A2,HDCP_V_A3,HDCP_V_A4),0))} -> 6 | H12: =IF(COUNT(D$5:D$48)=0,"",MIN(F12+G12,POINTS_CAP_A)) -> 30 | J12: 6 | K12: 0.020104167 | L12: =IF(COUNT(J$5:J$48)=0,"",IF(ISNUMBER(J12),1+POINTS_CAP_A-J12,0)) -> 25 | M12: {=IF(COUNT(J$5:J$48)=0,"", IFERROR(CHOOSE($B12,HDCP_V_A1,HDCP_V_A2,HDCP_V_A3,HDCP_V_A4),0))} -> 6 | N12: =IF(COUNT(J$5:J$48)=0,"",MIN(L12+M12,POINTS_CAP_A)) -> 30 | P12: 5 | Q12: 0.030636574 | R12: =IF(COUNT(P$5:P$48)=0,"",IF(ISNUMBER(P12),1+POINTS_CAP_A-P12,0)) -> 26 | S12: {=IF(COUNT(P$5:P$48)=0,"", IFERROR(CHOOSE($B12,HDCP_V_A1,HDCP_V_A2,HDCP_V_A3,HDCP_V_A4),0))} -> 6 | T12: =IF(COUNT(P$5:P$48)=0,"",MIN(R12+S12,POINTS_CAP_A)) -> 30 | V12: 6 | W12: 0.021284722 | X12: =IF(COUNT(V$5:V$48)=0,"",IF(ISNUMBER(V12),1+POINTS_CAP_A-V12,0)) -> 25 | Y12: {=IF(COUNT(V$5:V$48)=0,"", IFERROR(CHOOSE($B12,HDCP_V_A1,HDCP_V_A2,HDCP_V_A3,HDCP_V_A4),0))} -> 6 | Z12: =IF(COUNT(V$5:V$48)=0,"",MIN(X12+Y12,POINTS_CAP_A)) -> 30 | AB12: 5 | AC12: 0.042048611 | AD12: =IF(COUNT(AB$5:AB$48)=0,"",IF(ISNUMBER(AB12),1+POINTS_CAP_A-AB12,0)) -> 26 | AE12: {=IF(COUNT(AB$5:AB$48)=0,"", IFERROR(CHOOSE($B12,HDCP_V_A1,HDCP_V_A2,HDCP_V_A3,HDCP_V_A4),0))} -> 6 | AF12: =IF(COUNT(AB$5:AB$48)=0,"",MIN(AD12+AE12,POINTS_CAP_A)) -> 30 | AJ12: =IF(COUNT(AH$5:AH$48)=0,"",IF(ISNUMBER(AH12),1+POINTS_CAP_A-AH12,0)) | AK12: {=IF(COUNT(AH$5:AH$48)=0,"", IFERROR(CHOOSE($B12,HDCP_V_A1,HDCP_V_A2,HDCP_V_A3,HDCP_V_A4),0))} | AL12: =IF(COUNT(AH$5:AH$48)=0,"",MIN(AJ12+AK12,POINTS_CAP_A)) | AP12: =IF(COUNT(AN$5:AN$48)=0,"",IF(ISNUMBER(AN12),1+POINTS_CAP_A-AN12,0)) | AQ12: {=IF(COUNT(AN$5:AN$48)=0,"", IFERROR(CHOOSE($B12,HDCP_V_A1,HDCP_V_A2,HDCP_V_A3,HDCP_V_A4),0))} | AR12: =IF(COUNT(AN$5:AN$48)=0,"",MIN(AP12+AQ12,POINTS_CAP_A)) | AT12: =IF(F12="","",SUM(F12,L12,R12,X12,AD12,AJ12,AP12)) -> 127 | AU12: =IF(H12="","",SUM(H12,N12,T12,Z12,AF12,AL12,AR12)) -> 150
A13: Neil Grunshaw | B13: 2 | D13: 9 | E13: 0.024016204 | F13: =IF(COUNT(D$5:D$48)=0,"",IF(ISNUMBER(D13),1+POINTS_CAP_A-D13,0)) -> 22 | G13: {=IF(COUNT(D$5:D$48)=0,"", IFERROR(CHOOSE($B13,HDCP_V_A1,HDCP_V_A2,HDCP_V_A3,HDCP_V_A4),0))} -> 6 | H13: =IF(COUNT(D$5:D$48)=0,"",MIN(F13+G13,POINTS_CAP_A)) -> 28 | J13: 7 | K13: 0.020104167 | L13: =IF(COUNT(J$5:J$48)=0,"",IF(ISNUMBER(J13),1+POINTS_CAP_A-J13,0)) -> 24 | M13: {=IF(COUNT(J$5:J$48)=0,"", IFERROR(CHOOSE($B13,HDCP_V_A1,HDCP_V_A2,HDCP_V_A3,HDCP_V_A4),0))} -> 6 | N13: =IF(COUNT(J$5:J$48)=0,"",MIN(L13+M13,POINTS_CAP_A)) -> 30 | P13: 13 | Q13: 0.032349537 | R13: =IF(COUNT(P$5:P$48)=0,"",IF(ISNUMBER(P13),1+POINTS_CAP_A-P13,0)) -> 18 | S13: {=IF(COUNT(P$5:P$48)=0,"", IFERROR(CHOOSE($B13,HDCP_V_A1,HDCP_V_A2,HDCP_V_A3,HDCP_V_A4),0))} -> 6 | T13: =IF(COUNT(P$5:P$48)=0,"",MIN(R13+S13,POINTS_CAP_A)) -> 24 | V13: 4 | W13: 0.020914352 | X13: =IF(COUNT(V$5:V$48)=0,"",IF(ISNUMBER(V13),1+POINTS_CAP_A-V13,0)) -> 27 | Y13: {=IF(COUNT(V$5:V$48)=0,"", IFERROR(CHOOSE($B13,HDCP_V_A1,HDCP_V_A2,HDCP_V_A3,HDCP_V_A4),0))} -> 6 | Z13: =IF(COUNT(V$5:V$48)=0,"",MIN(X13+Y13,POINTS_CAP_A)) -> 30 | AB13: 8 | AC13: 0.043252315 | AD13: =IF(COUNT(AB$5:AB$48)=0,"",IF(ISNUMBER(AB13),1+POINTS_CAP_A-AB13,0)) -> 23 | AE13: {=IF(COUNT(AB$5:AB$48)=0,"", IFERROR(CHOOSE($B13,HDCP_V_A1,HDCP_V_A2,HDCP_V_A3,HDCP_V_A4),0))} -> 6 | AF13: =IF(COUNT(AB$5:AB$48)=0,"",MIN(AD13+AE13,POINTS_CAP_A)) -> 29 | AJ13: =IF(COUNT(AH$5:AH$48)=0,"",IF(ISNUMBER(AH13),1+POINTS_CAP_A-AH13,0)) | AK13: {=IF(COUNT(AH$5:AH$48)=0,"", IFERROR(CHOOSE($B13,HDCP_V_A1,HDCP_V_A2,HDCP_V_A3,HDCP_V_A4),0))} | AL13: =IF(COUNT(AH$5:AH$48)=0,"",MIN(AJ13+AK13,POINTS_CAP_A)) | AP13: =IF(COUNT(AN$5:AN$48)=0,"",IF(ISNUMBER(AN13),1+POINTS_CAP_A-AN13,0)) | AQ13: {=IF(COUNT(AN$5:AN$48)=0,"", IFERROR(CHOOSE($B13,HDCP_V_A1,HDCP_V_A2,HDCP_V_A3,HDCP_V_A4),0))} | AR13: =IF(COUNT(AN$5:AN$48)=0,"",MIN(AP13+AQ13,POINTS_CAP_A)) | AT13: =IF(F13="","",SUM(F13,L13,R13,X13,AD13,AJ13,AP13)) -> 114 | AU13: =IF(H13="","",SUM(H13,N13,T13,Z13,AF13,AL13,AR13)) -> 141
A14: Tom Herbert | B14: 2 | D14: 8 | E14: 0.023912037 | F14: =IF(COUNT(D$5:D$48)=0,"",IF(ISNUMBER(D14),1+POINTS_CAP_A-D14,0)) -> 23 | G14: {=IF(COUNT(D$5:D$48)=0,"", IFERROR(CHOOSE($B14,HDCP_V_A1,HDCP_V_A2,HDCP_V_A3,HDCP_V_A4),0))} -> 6 | H14: =IF(COUNT(D$5:D$48)=0,"",MIN(F14+G14,POINTS_CAP_A)) -> 29 | J14: 9 | K14: 0.020277778 | L14: =IF(COUNT(J$5:J$48)=0,"",IF(ISNUMBER(J14),1+POINTS_CAP_A-J14,0)) -> 22 | M14: {=IF(COUNT(J$5:J$48)=0,"", IFERROR(CHOOSE($B14,HDCP_V_A1,HDCP_V_A2,HDCP_V_A3,HDCP_V_A4),0))} -> 6 | N14: =IF(COUNT(J$5:J$48)=0,"",MIN(L14+M14,POINTS_CAP_A)) -> 28 | P14: 9 | Q14: 0.031863426 | R14: =IF(COUNT(P$5:P$48)=0,"",IF(ISNUMBER(P14),1+POINTS_CAP_A-P14,0)) -> 22 | S14: {=IF(COUNT(P$5:P$48)=0,"", IFERROR(CHOOSE($B14,HDCP_V_A1,HDCP_V_A2,HDCP_V_A3,HDCP_V_A4),0))} -> 6 | T14: =IF(COUNT(P$5:P$48)=0,"",MIN(R14+S14,POINTS_CAP_A)) -> 28 | V14: 7 | W14: 0.021435185 | X14: =IF(COUNT(V$5:V$48)=0,"",IF(ISNUMBER(V14),1+POINTS_CAP_A-V14,0)) -> 24 | Y14: {=IF(COUNT(V$5:V$48)=0,"", IFERROR(CHOOSE($B14,HDCP_V_A1,HDCP_V_A2,HDCP_V_A3,HDCP_V_A4),0))} -> 6 | Z14: =IF(COUNT(V$5:V$48)=0,"",MIN(X14+Y14,POINTS_CAP_A)) -> 30 | AB14: 9 | AC14: 0.044155093 | AD14: =IF(COUNT(AB$5:AB$48)=0,"",IF(ISNUMBER(AB14),1+POINTS_CAP_A-AB14,0)) -> 22 | AE14: {=IF(COUNT(AB$5:AB$48)=0,"", IFERROR(CHOOSE($B14,HDCP_V_A1,HDCP_V_A2,HDCP_V_A3,HDCP_V_A4),0))} -> 6 | AF14: =IF(COUNT(AB$5:AB$48)=0,"",MIN(AD14+AE14,POINTS_CAP_A)) -> 28 | AJ14: =IF(COUNT(AH$5:AH$48)=0,"",IF(ISNUMBER(AH14),1+POINTS_CAP_A-AH14,0)) | AK14: {=IF(COUNT(AH$5:AH$48)=0,"", IFERROR(CHOOSE($B14,HDCP_V_A1,HDCP_V_A2,HDCP_V_A3,HDCP_V_A4),0))} | AL14: =IF(COUNT(AH$5:AH$48)=0,"",MIN(AJ14+AK14,POINTS_CAP_A)) | AP14: =IF(COUNT(AN$5:AN$48)=0,"",IF(ISNUMBER(AN14),1+POINTS_CAP_A-AN14,0)) | AQ14: {=IF(COUNT(AN$5:AN$48)=0,"", IFERROR(CHOOSE($B14,HDCP_V_A1,HDCP_V_A2,HDCP_V_A3,HDCP_V_A4),0))} | AR14: =IF(COUNT(AN$5:AN$48)=0,"",MIN(AP14+AQ14,POINTS_CAP_A)) | AT14: =IF(F14="","",SUM(F14,L14,R14,X14,AD14,AJ14,AP14)) -> 113 | AU14: =IF(H14="","",SUM(H14,N14,T14,Z14,AF14,AL14,AR14)) -> 143
A15: Denis Whelan | B15: 2 | D15: 12 | E15: 0.02443287 | F15: =IF(COUNT(D$5:D$48)=0,"",IF(ISNUMBER(D15),1+POINTS_CAP_A-D15,0)) -> 19 | G15: {=IF(COUNT(D$5:D$48)=0,"", IFERROR(CHOOSE($B15,HDCP_V_A1,HDCP_V_A2,HDCP_V_A3,HDCP_V_A4),0))} -> 6 | H15: =IF(COUNT(D$5:D$48)=0,"",MIN(F15+G15,POINTS_CAP_A)) -> 25 | J15: 11 | K15: 0.020335648 | L15: =IF(COUNT(J$5:J$48)=0,"",IF(ISNUMBER(J15),1+POINTS_CAP_A-J15,0)) -> 20 | M15: {=IF(COUNT(J$5:J$48)=0,"", IFERROR(CHOOSE($B15,HDCP_V_A1,HDCP_V_A2,HDCP_V_A3,HDCP_V_A4),0))} -> 6 | N15: =IF(COUNT(J$5:J$48)=0,"",MIN(L15+M15,POINTS_CAP_A)) -> 26 | P15: 12 | Q15: 0.032106481 | R15: =IF(COUNT(P$5:P$48)=0,"",IF(ISNUMBER(P15),1+POINTS_CAP_A-P15,0)) -> 19 | S15: {=IF(COUNT(P$5:P$48)=0,"", IFERROR(CHOOSE($B15,HDCP_V_A1,HDCP_V_A2,HDCP_V_A3,HDCP_V_A4),0))} -> 6 | T15: =IF(COUNT(P$5:P$48)=0,"",MIN(R15+S15,POINTS_CAP_A)) -> 25 | V15: 9 | W15: 0.021597222 | X15: =IF(COUNT(V$5:V$48)=0,"",IF(ISNUMBER(V15),1+POINTS_CAP_A-V15,0)) -> 22 | Y15: {=IF(COUNT(V$5:V$48)=0,"", IFERROR(CHOOSE($B15,HDCP_V_A1,HDCP_V_A2,HDCP_V_A3,HDCP_V_A4),0))} -> 6 | Z15: =IF(COUNT(V$5:V$48)=0,"",MIN(X15+Y15,POINTS_CAP_A)) -> 28 | AB15: 13 | AC15: 0.045023148 | AD15: =IF(COUNT(AB$5:AB$48)=0,"",IF(ISNUMBER(AB15),1+POINTS_CAP_A-AB15,0)) -> 18 | AE15: {=IF(COUNT(AB$5:AB$48)=0,"", IFERROR(CHOOSE($B15,HDCP_V_A1,HDCP_V_A2,HDCP_V_A3,HDCP_V_A4),0))} -> 6 | AF15: =IF(COUNT(AB$5:AB$48)=0,"",MIN(AD15+AE15,POINTS_CAP_A)) -> 24 | AJ15: =IF(COUNT(AH$5:AH$48)=0,"",IF(ISNUMBER(AH15),1+POINTS_CAP_A-AH15,0)) | AK15: {=IF(COUNT(AH$5:AH$48)=0,"", IFERROR(CHOOSE($B15,HDCP_V_A1,HDCP_V_A2,HDCP_V_A3,HDCP_V_A4),0))} | AL15: =IF(COUNT(AH$5:AH$48)=0,"",MIN(AJ15+AK15,POINTS_CAP_A)) | AP15: =IF(COUNT(AN$5:AN$48)=0,"",IF(ISNUMBER(AN15),1+POINTS_CAP_A-AN15,0)) | AQ15: {=IF(COUNT(AN$5:AN$48)=0,"", IFERROR(CHOOSE($B15,HDCP_V_A1,HDCP_V_A2,HDCP_V_A3,HDCP_V_A4),0))} | AR15: =IF(COUNT(AN$5:AN$48)=0,"",MIN(AP15+AQ15,POINTS_CAP_A)) | AT15: =IF(F15="","",SUM(F15,L15,R15,X15,AD15,AJ15,AP15)) -> 98 | AU15: =IF(H15="","",SUM(H15,N15,T15,Z15,AF15,AL15,AR15)) -> 128
A16: Marcus Jones | B16: 2 | D16: 21 | E16: 0.025358796 | F16: =IF(COUNT(D$5:D$48)=0,"",IF(ISNUMBER(D16),1+POINTS_CAP_A-D16,0)) -> 10 | G16: {=IF(COUNT(D$5:D$48)=0,"", IFERROR(CHOOSE($B16,HDCP_V_A1,HDCP_V_A2,HDCP_V_A3,HDCP_V_A4),0))} -> 6 | H16: =IF(COUNT(D$5:D$48)=0,"",MIN(F16+G16,POINTS_CAP_A)) -> 16 | J16: 26 | K16: 0.024537037 | L16: =IF(COUNT(J$5:J$48)=0,"",IF(ISNUMBER(J16),1+POINTS_CAP_A-J16,0)) -> 5 | M16: {=IF(COUNT(J$5:J$48)=0,"", IFERROR(CHOOSE($B16,HDCP_V_A1,HDCP_V_A2,HDCP_V_A3,HDCP_V_A4),0))} -> 6 | N16: =IF(COUNT(J$5:J$48)=0,"",MIN(L16+M16,POINTS_CAP_A)) -> 11 | P16: 25 | Q16: 0.038819444 | R16: =IF(COUNT(P$5:P$48)=0,"",IF(ISNUMBER(P16),1+POINTS_CAP_A-P16,0)) -> 6 | S16: {=IF(COUNT(P$5:P$48)=0,"", IFERROR(CHOOSE($B16,HDCP_V_A1,HDCP_V_A2,HDCP_V_A3,HDCP_V_A4),0))} -> 6 | T16: =IF(COUNT(P$5:P$48)=0,"",MIN(R16+S16,POINTS_CAP_A)) -> 12 | V16: 27 | W16: 0.026655093 | X16: =IF(COUNT(V$5:V$48)=0,"",IF(ISNUMBER(V16),1+POINTS_CAP_A-V16,0)) -> 4 | Y16: {=IF(COUNT(V$5:V$48)=0,"", IFERROR(CHOOSE($B16,HDCP_V_A1,HDCP_V_A2,HDCP_V_A3,HDCP_V_A4),0))} -> 6 | Z16: =IF(COUNT(V$5:V$48)=0,"",MIN(X16+Y16,POINTS_CAP_A)) -> 10 | AB16: 24 | AC16: 0.049212963 | AD16: =IF(COUNT(AB$5:AB$48)=0,"",IF(ISNUMBER(AB16),1+POINTS_CAP_A-AB16,0)) -> 7 | AE16: {=IF(COUNT(AB$5:AB$48)=0,"", IFERROR(CHOOSE($B16,HDCP_V_A1,HDCP_V_A2,HDCP_V_A3,HDCP_V_A4),0))} -> 6 | AF16: =IF(COUNT(AB$5:AB$48)=0,"",MIN(AD16+AE16,POINTS_CAP_A)) -> 13 | AJ16: =IF(COUNT(AH$5:AH$48)=0,"",IF(ISNUMBER(AH16),1+POINTS_CAP_A-AH16,0)) | AK16: {=IF(COUNT(AH$5:AH$48)=0,"", IFERROR(CHOOSE($B16,HDCP_V_A1,HDCP_V_A2,HDCP_V_A3,HDCP_V_A4),0))} | AL16: =IF(COUNT(AH$5:AH$48)=0,"",MIN(AJ16+AK16,POINTS_CAP_A)) | AP16: =IF(COUNT(AN$5:AN$48)=0,"",IF(ISNUMBER(AN16),1+POINTS_CAP_A-AN16,0)) | AQ16: {=IF(COUNT(AN$5:AN$48)=0,"", IFERROR(CHOOSE($B16,HDCP_V_A1,HDCP_V_A2,HDCP_V_A3,HDCP_V_A4),0))} | AR16: =IF(COUNT(AN$5:AN$48)=0,"",MIN(AP16+AQ16,POINTS_CAP_A)) | AT16: =IF(F16="","",SUM(F16,L16,R16,X16,AD16,AJ16,AP16)) -> 32 | AU16: =IF(H16="","",SUM(H16,N16,T16,Z16,AF16,AL16,AR16)) -> 62
... A31: Richard Turner | B31: 2 | D31: 22 | E31: 0.025509259 | F31: =IF(COUNT(D$5:D$48)=0,"",IF(ISNUMBER(D31),1+POINTS_CAP_A-D31,0)) -> 9 | G31: {=IF(COUNT(D$5:D$48)=0,"", IFERROR(CHOOSE($B31,HDCP_V_A1,HDCP_V_A2,HDCP_V_A3,HDCP_V_A4),0))} -> 6 | H31: =IF(COUNT(D$5:D$48)=0,"",MIN(F31+G31,POINTS_CAP_A)) -> 15 | J31: 24 | K31: 0.022453704 | L31: =IF(COUNT(J$5:J$48)=0,"",IF(ISNUMBER(J31),1+POINTS_CAP_A-J31,0)) -> 7 | M31: {=IF(COUNT(J$5:J$48)=0,"", IFERROR(CHOOSE($B31,HDCP_V_A1,HDCP_V_A2,HDCP_V_A3,HDCP_V_A4),0))} -> 6 | N31: =IF(COUNT(J$5:J$48)=0,"",MIN(L31+M31,POINTS_CAP_A)) -> 13 | P31: 26 | Q31: 0.038819444 | R31: =IF(COUNT(P$5:P$48)=0,"",IF(ISNUMBER(P31),1+POINTS_CAP_A-P31,0)) -> 5 | S31: {=IF(COUNT(P$5:P$48)=0,"", IFERROR(CHOOSE($B31,HDCP_V_A1,HDCP_V_A2,HDCP_V_A3,HDCP_V_A4),0))} -> 6 | T31: =IF(COUNT(P$5:P$48)=0,"",MIN(R31+S31,POINTS_CAP_A)) -> 11 | V31: 26 | W31: 0.026655093 | X31: =IF(COUNT(V$5:V$48)=0,"",IF(ISNUMBER(V31),1+POINTS_CAP_A-V31,0)) -> 5 | Y31: {=IF(COUNT(V$5:V$48)=0,"", IFERROR(CHOOSE($B31,HDCP_V_A1,HDCP_V_A2,HDCP_V_A3,HDCP_V_A4),0))} -> 6 | Z31: =IF(COUNT(V$5:V$48)=0,"",MIN(X31+Y31,POINTS_CAP_A)) -> 11 | AB31: 26 | AC31: 0.049212963 | AD31: =IF(COUNT(AB$5:AB$48)=0,"",IF(ISNUMBER(AB31),1+POINTS_CAP_A-AB31,0)) -> 5 | AE31: {=IF(COUNT(AB$5:AB$48)=0,"", IFERROR(CHOOSE($B31,HDCP_V_A1,HDCP_V_A2,HDCP_V_A3,HDCP_V_A4),0))} -> 6 | AF31: =IF(COUNT(AB$5:AB$48)=0,"",MIN(AD31+AE31,POINTS_CAP_A)) -> 11 | AJ31: =IF(COUNT(AH$5:AH$48)=0,"",IF(ISNUMBER(AH31),1+POINTS_CAP_A-AH31,0)) | AK31: {=IF(COUNT(AH$5:AH$48)=0,"", IFERROR(CHOOSE($B31,HDCP_V_A1,HDCP_V_A2,HDCP_V_A3,HDCP_V_A4),0))} | AL31: =IF(COUNT(AH$5:AH$48)=0,"",MIN(AJ31+AK31,POINTS_CAP_A)) | AP31: =IF(COUNT(AN$5:AN$48)=0,"",IF(ISNUMBER(AN31),1+POINTS_CAP_A-AN31,0)) | AQ31: {=IF(COUNT(AN$5:AN$48)=0,"", IFERROR(CHOOSE($B31,HDCP_V_A1,HDCP_V_A2,HDCP_V_A3,HDCP_V_A4),0))} | AR31: =IF(COUNT(AN$5:AN$48)=0,"",MIN(AP31+AQ31,POINTS_CAP_A)) | AT31: =IF(F31="","",SUM(F31,L31,R31,X31,AD31,AJ31,AP31)) -> 31 | AU31: =IF(H31="","",SUM(H31,N31,T31,Z31,AF31,AL31,AR31)) -> 61
AT32: =IF(F32="","",SUM(F32,L32,R32,X32,AJ32,AP32)) | AU32: =IF(H32="","",SUM(H32,N32,T32,Z32,AL32,AR32))
AT33: =IF(F33="","",SUM(F33,L33,R33,X33,AJ33,AP33)) | AU33: =IF(H33="","",SUM(H33,N33,T33,Z33,AL33,AR33))
AT34: =IF(F34="","",SUM(F34,L34,R34,X34,AJ34,AP34)) | AU34: =IF(H34="","",SUM(H34,N34,T34,Z34,AL34,AR34))
AT35: =IF(F35="","",SUM(F35,L35,R35,X35,AJ35,AP35)) | AU35: =IF(H35="","",SUM(H35,N35,T35,Z35,AL35,AR35))
AT36: =IF(F36="","",SUM(F36,L36,R36,X36,AJ36,AP36)) | AU36: =IF(H36="","",SUM(H36,N36,T36,Z36,AL36,AR36))
AT37: =IF(F37="","",SUM(F37,L37,R37,X37,AJ37,AP37)) | AU37: =IF(H37="","",SUM(H37,N37,T37,Z37,AL37,AR37))
AT38: =IF(F38="","",SUM(F38,L38,R38,X38,AJ38,AP38)) | AU38: =IF(H38="","",SUM(H38,N38,T38,Z38,AL38,AR38))
AT39: =IF(F39="","",SUM(F39,L39,R39,X39,AJ39,AP39)) | AU39: =IF(H39="","",SUM(H39,N39,T39,Z39,AL39,AR39))
AT40: =IF(F40="","",SUM(F40,L40,R40,X40,AJ40,AP40)) | AU40: =IF(H40="","",SUM(H40,N40,T40,Z40,AL40,AR40))
AT41: =IF(F41="","",SUM(F41,L41,R41,X41,AJ41,AP41)) | AU41: =IF(H41="","",SUM(H41,N41,T41,Z41,AL41,AR41))
AT42: =IF(F42="","",SUM(F42,L42,R42,X42,AJ42,AP42)) | AU42: =IF(H42="","",SUM(H42,N42,T42,Z42,AL42,AR42))
AT43: =IF(F43="","",SUM(F43,L43,R43,X43,AJ43,AP43)) | AU43: =IF(H43="","",SUM(H43,N43,T43,Z43,AL43,AR43))
... AT55: =IF(F55="","",SUM(F55,L55,R55,X55,AJ55,AP55)) | AU55: =IF(H55="","",SUM(H55,N55,T55,Z55,AL55,AR55))

Sheet Stage Data - B
B1: Handicap Group | D1: Stage 1 | J1: Stage 2 | P1: Stage 3a | V1: Stage 3b | AB1: Stage 4 | AH1: Stage 5 | AN1: Stage 6 | AT1: Base Points | AU1: Adjusted Points
D2: Position | E2: Time | F2: Points | J2: Position | K2: Time | L2: Points | P2: Position | Q2: Time | R2: Points | V2: Position | W2: Time | X2: Points | AB2: Position | AC2: Time | AD2: Points | AH2: Position | AI2: Time | AJ2: Points | AN2: Position | AO2: Time | AP2: Points
A3: Name | F3: Base | G3: Handicap | H3: Adjusted | L3: Base | M3: Handicap | N3: Adjusted | R3: Base | S3: Handicap | T3: Adjusted | X3: Base | Y3: Handicap | Z3: Adjusted | AD3: Base | AE3: Handicap | AF3: Adjusted | AJ3: Base | AK3: Handicap | AL3: Adjusted | AP3: Base | AQ3: Handicap | AR3: Adjusted
A5: Adam Currie | B5: 1 | D5: 8 | E5: 0.026388889 | F5: =IF(COUNT(D$5:D$48)=0,"",IF(ISNUMBER(D5),1+POINTS_CAP_B-D5,0)) -> 33 | G5: =IF(COUNT(D$5:D$48)=0,"", IFERROR(CHOOSE($B5,HDCP_V_B1,HDCP_V_B2,HDCP_V_B3,HDCP_V_B4),0)) -> 0 | H5: =IF(COUNT(D$5:D$48)=0,"",MIN(F5+G5,POINTS_CAP_B)) -> 33 | J5: 20 | K5: 0.023368056 | L5: =IF(COUNT(J$5:J$48)=0,"",IF(ISNUMBER(J5),1+POINTS_CAP_B-J5,0)) -> 21 | M5: =IF(COUNT(J$5:J$48)=0,"", IFERROR(CHOOSE($B5,HDCP_V_B1,HDCP_V_B2,HDCP_V_B3,HDCP_V_B4),0)) -> 0 | N5: =IF(COUNT(J$5:J$48)=0,"",MIN(L5+M5,POINTS_CAP_B)) -> 21 | P5: 37 | Q5: 0.062476852 | R5: =IF(COUNT(P$5:P$48)=0,"",IF(ISNUMBER(P5),1+POINTS_CAP_B-P5,0)) -> 4 | S5: =IF(COUNT(P$5:P$48)=0,"", IFERROR(CHOOSE($B5,HDCP_V_B1,HDCP_V_B2,HDCP_V_B3,HDCP_V_B4),0)) -> 0 | T5: =IF(COUNT(P$5:P$48)=0,"",MIN(R5+S5,POINTS_CAP_B)) -> 4 | V5: 7 | W5: 0.023587963 | X5: =IF(COUNT(V$5:V$48)=0,"",IF(ISNUMBER(V5),1+POINTS_CAP_B-V5,0)) -> 34 | Y5: =IF(COUNT(V$5:V$48)=0,"", IFERROR(CHOOSE($B5,HDCP_V_B1,HDCP_V_B2,HDCP_V_B3,HDCP_V_B4),0)) -> 0 | Z5: =IF(COUNT(V$5:V$48)=0,"",MIN(X5+Y5,POINTS_CAP_B)) -> 34 | AB5: 36 | AC5: 0.080509259 | AD5: =IF(COUNT(AB$5:AB$48)=0,"",IF(ISNUMBER(AB5),1+POINTS_CAP_B-AB5,0)) -> 5 | AE5: =IF(COUNT(AB$5:AB$48)=0,"", IFERROR(CHOOSE($B5,HDCP_V_B1,HDCP_V_B2,HDCP_V_B3,HDCP_V_B4),0)) -> 0 | AF5: =IF(COUNT(AB$5:AB$48)=0,"",MIN(AD5+AE5,POINTS_CAP_B)) -> 5 | AJ5: =IF(COUNT(AH$5:AH$48)=0,"",IF(ISNUMBER(AH5),1+POINTS_CAP_B-AH5,0)) | AK5: =IF(COUNT(AH$5:AH$48)=0,"", IFERROR(CHOOSE($B5,HDCP_V_B1,HDCP_V_B2,HDCP_V_B3,HDCP_V_B4),0)) | AL5: =IF(COUNT(AH$5:AH$48)=0,"",MIN(AJ5+AK5,POINTS_CAP_B)) | AP5: =IF(COUNT(AN$5:AN$48)=0,"",IF(ISNUMBER(AN5),1+POINTS_CAP_B-AN5,0)) | AQ5: =IF(COUNT(AN$5:AN$48)=0,"", IFERROR(CHOOSE($B5,HDCP_V_B1,HDCP_V_B2,HDCP_V_B3,HDCP_V_B4),0)) | AR5: =IF(COUNT(AN$5:AN$48)=0,"",MIN(AP5+AQ5,POINTS_CAP_B)) | AT5: =IF(F5="","",SUM(F5,L5,R5,X5,AD5,AJ5,AP5)) -> 97 | AU5: =IF(H5="","",SUM(H5,N5,T5,Z5,AF5,AL5,AR5)) -> 97
A6: David Willis | B6: 1 | D6: 1 | E6: 0.025 | F6: =IF(COUNT(D$5:D$48)=0,"",IF(ISNUMBER(D6),1+POINTS_CAP_B-D6,0)) -> 40 | G6: =IF(COUNT(D$5:D$48)=0,"", IFERROR(CHOOSE($B6,HDCP_V_B1,HDCP_V_B2,HDCP_V_B3,HDCP_V_B4),0)) -> 0 | H6: =IF(COUNT(D$5:D$48)=0,"",MIN(F6+G6,POINTS_CAP_B)) -> 40 | J6: 2 | K6: 0.021099537 | L6: =IF(COUNT(J$5:J$48)=0,"",IF(ISNUMBER(J6),1+POINTS_CAP_B-J6,0)) -> 39 | M6: =IF(COUNT(J$5:J$48)=0,"", IFERROR(CHOOSE($B6,HDCP_V_B1,HDCP_V_B2,HDCP_V_B3,HDCP_V_B4),0)) -> 0 | N6: =IF(COUNT(J$5:J$48)=0,"",MIN(L6+M6,POINTS_CAP_B)) -> 39 | P6: 2 | Q6: 0.034108796 | R6: =IF(COUNT(P$5:P$48)=0,"",IF(ISNUMBER(P6),1+POINTS_CAP_B-P6,0)) -> 39 | S6: =IF(COUNT(P$5:P$48)=0,"", IFERROR(CHOOSE($B6,HDCP_V_B1,HDCP_V_B2,HDCP_V_B3,HDCP_V_B4),0)) -> 0 | T6: =IF(COUNT(P$5:P$48)=0,"",MIN(R6+S6,POINTS_CAP_B)) -> 39 | V6: 2 | W6: 0.021990741 | X6: =IF(COUNT(V$5:V$48)=0,"",IF(ISNUMBER(V6),1+POINTS_CAP_B-V6,0)) -> 39 | Y6: =IF(COUNT(V$5:V$48)=0,"", IFERROR(CHOOSE($B6,HDCP_V_B1,HDCP_V_B2,HDCP_V_B3,HDCP_V_B4),0)) -> 0 | Z6: =IF(COUNT(V$5:V$48)=0,"",MIN(X6+Y6,POINTS_CAP_B)) -> 39 | AB6: 2 | AC6: 0.046238426 | AD6: =IF(COUNT(AB$5:AB$48)=0,"",IF(ISNUMBER(AB6),1+POINTS_CAP_B-AB6,0)) -> 39 | AE6: =IF(COUNT(AB$5:AB$48)=0,"", IFERROR(CHOOSE($B6,HDCP_V_B1,HDCP_V_B2,HDCP_V_B3,HDCP_V_B4),0)) -> 0 | AF6: =IF(COUNT(AB$5:AB$48)=0,"",MIN(AD6+AE6,POINTS_CAP_B)) -> 39 | AJ6: =IF(COUNT(AH$5:AH$48)=0,"",IF(ISNUMBER(AH6),1+POINTS_CAP_B-AH6,0)) | AK6: =IF(COUNT(AH$5:AH$48)=0,"", IFERROR(CHOOSE($B6,HDCP_V_B1,HDCP_V_B2,HDCP_V_B3,HDCP_V_B4),0)) | AL6: =IF(COUNT(AH$5:AH$48)=0,"",MIN(AJ6+AK6,POINTS_CAP_B)) | AP6: =IF(COUNT(AN$5:AN$48)=0,"",IF(ISNUMBER(AN6),1+POINTS_CAP_B-AN6,0)) | AQ6: =IF(COUNT(AN$5:AN$48)=0,"", IFERROR(CHOOSE($B6,HDCP_V_B1,HDCP_V_B2,HDCP_V_B3,HDCP_V_B4),0)) | AR6: =IF(COUNT(AN$5:AN$48)=0,"",MIN(AP6+AQ6,POINTS_CAP_B)) | AT6: =IF(F6="","",SUM(F6,L6,R6,X6,AD6,AJ6,AP6)) -> 196 | AU6: =IF(H6="","",SUM(H6,N6,T6,Z6,AF6,AL6,AR6)) -> 196
A7: Paul Davey | B7: 1 | D7: 16 | E7: 0.026863426 | F7: =IF(COUNT(D$5:D$48)=0,"",IF(ISNUMBER(D7),1+POINTS_CAP_B-D7,0)) -> 25 | G7: =IF(COUNT(D$5:D$48)=0,"", IFERROR(CHOOSE($B7,HDCP_V_B1,HDCP_V_B2,HDCP_V_B3,HDCP_V_B4),0)) -> 0 | H7: =IF(COUNT(D$5:D$48)=0,"",MIN(F7+G7,POINTS_CAP_B)) -> 25 | J7: 12 | K7: 0.022511574 | L7: =IF(COUNT(J$5:J$48)=0,"",IF(ISNUMBER(J7),1+POINTS_CAP_B-J7,0)) -> 29 | M7: =IF(COUNT(J$5:J$48)=0,"", IFERROR(CHOOSE($B7,HDCP_V_B1,HDCP_V_B2,HDCP_V_B3,HDCP_V_B4),0)) -> 0 | N7: =IF(COUNT(J$5:J$48)=0,"",MIN(L7+M7,POINTS_CAP_B)) -> 29 | P7: 15 | Q7: 0.0375 | R7: =IF(COUNT(P$5:P$48)=0,"",IF(ISNUMBER(P7),1+POINTS_CAP_B-P7,0)) -> 26 | S7: =IF(COUNT(P$5:P$48)=0,"", IFERROR(CHOOSE($B7,HDCP_V_B1,HDCP_V_B2,HDCP_V_B3,HDCP_V_B4),0)) -> 0 | T7: =IF(COUNT(P$5:P$48)=0,"",MIN(R7+S7,POINTS_CAP_B)) -> 26 | V7: 5 | W7: 0.02287037 | X7: =IF(COUNT(V$5:V$48)=0,"",IF(ISNUMBER(V7),1+POINTS_CAP_B-V7,0)) -> 36 | Y7: =IF(COUNT(V$5:V$48)=0,"", IFERROR(CHOOSE($B7,HDCP_V_B1,HDCP_V_B2,HDCP_V_B3,HDCP_V_B4),0)) -> 0 | Z7: =IF(COUNT(V$5:V$48)=0,"",MIN(X7+Y7,POINTS_CAP_B)) -> 36 | AB7: 12 | AC7: 0.051018519 | AD7: =IF(COUNT(AB$5:AB$48)=0,"",IF(ISNUMBER(AB7),1+POINTS_CAP_B-AB7,0)) -> 29 | AE7: =IF(COUNT(AB$5:AB$48)=0,"", IFERROR(CHOOSE($B7,HDCP_V_B1,HDCP_V_B2,HDCP_V_B3,HDCP_V_B4),0)) -> 0 | AF7: =IF(COUNT(AB$5:AB$48)=0,"",MIN(AD7+AE7,POINTS_CAP_B)) -> 29 | AJ7: =IF(COUNT(AH$5:AH$48)=0,"",IF(ISNUMBER(AH7),1+POINTS_CAP_B-AH7,0)) | AK7: =IF(COUNT(AH$5:AH$48)=0,"", IFERROR(CHOOSE($B7,HDCP_V_B1,HDCP_V_B2,HDCP_V_B3,HDCP_V_B4),0)) | AL7: =IF(COUNT(AH$5:AH$48)=0,"",MIN(AJ7+AK7,POINTS_CAP_B)) | AP7: =IF(COUNT(AN$5:AN$48)=0,"",IF(ISNUMBER(AN7),1+POINTS_CAP_B-AN7,0)) | AQ7: =IF(COUNT(AN$5:AN$48)=0,"", IFERROR(CHOOSE($B7,HDCP_V_B1,HDCP_V_B2,HDCP_V_B3,HDCP_V_B4),0)) | AR7: =IF(COUNT(AN$5:AN$48)=0,"",MIN(AP7+AQ7,POINTS_CAP_B)) | AT7: =IF(F7="","",SUM(F7,L7,R7,X7,AD7,AJ7,AP7)) -> 145 | AU7: =IF(H7="","",SUM(H7,N7,T7,Z7,AF7,AL7,AR7)) -> 145
A8: Luke Benfield | B8: 1 | D8: 6 | E8: 0.026064815 | F8: =IF(COUNT(D$5:D$48)=0,"",IF(ISNUMBER(D8),1+POINTS_CAP_B-D8,0)) -> 35 | G8: =IF(COUNT(D$5:D$48)=0,"", IFERROR(CHOOSE($B8,HDCP_V_B1,HDCP_V_B2,HDCP_V_B3,HDCP_V_B4),0)) -> 0 | H8: =IF(COUNT(D$5:D$48)=0,"",MIN(F8+G8,POINTS_CAP_B)) -> 35 | J8: 6 | K8: 0.021759259 | L8: =IF(COUNT(J$5:J$48)=0,"",IF(ISNUMBER(J8),1+POINTS_CAP_B-J8,0)) -> 35 | M8: =IF(COUNT(J$5:J$48)=0,"", IFERROR(CHOOSE($B8,HDCP_V_B1,HDCP_V_B2,HDCP_V_B3,HDCP_V_B4),0)) -> 0 | N8: =IF(COUNT(J$5:J$48)=0,"",MIN(L8+M8,POINTS_CAP_B)) -> 35 | P8: 12 | Q8: 0.036770833 | R8: =IF(COUNT(P$5:P$48)=0,"",IF(ISNUMBER(P8),1+POINTS_CAP_B-P8,0)) -> 29 | S8: =IF(COUNT(P$5:P$48)=0,"", IFERROR(CHOOSE($B8,HDCP_V_B1,HDCP_V_B2,HDCP_V_B3,HDCP_V_B4),0)) -> 0 | T8: =IF(COUNT(P$5:P$48)=0,"",MIN(R8+S8,POINTS_CAP_B)) -> 29 | V8: 12 | W8: 0.024097222 | X8: =IF(COUNT(V$5:V$48)=0,"",IF(ISNUMBER(V8),1+POINTS_CAP_B-V8,0)) -> 29 | Y8: =IF(COUNT(V$5:V$48)=0,"", IFERROR(CHOOSE($B8,HDCP_V_B1,HDCP_V_B2,HDCP_V_B3,HDCP_V_B4),0)) -> 0 | Z8: =IF(COUNT(V$5:V$48)=0,"",MIN(X8+Y8,POINTS_CAP_B)) -> 29 | AB8: 10 | AC8: 01:12:!2 | AD8: =IF(COUNT(AB$5:AB$48)=0,"",IF(ISNUMBER(AB8),1+POINTS_CAP_B-AB8,0)) -> 31 | AE8: =IF(COUNT(AB$5:AB$48)=0,"", IFERROR(CHOOSE($B8,HDCP_V_B1,HDCP_V_B2,HDCP_V_B3,HDCP_V_B4),0)) -> 0 | AF8: =IF(COUNT(AB$5:AB$48)=0,"",MIN(AD8+AE8,POINTS_CAP_B)) -> 31 | AJ8: =IF(COUNT(AH$5:AH$48)=0,"",IF(ISNUMBER(AH8),1+POINTS_CAP_B-AH8,0)) | AK8: =IF(COUNT(AH$5:AH$48)=0,"", IFERROR(CHOOSE($B8,HDCP_V_B1,HDCP_V_B2,HDCP_V_B3,HDCP_V_B4),0)) | AL8: =IF(COUNT(AH$5:AH$48)=0,"",MIN(AJ8+AK8,POINTS_CAP_B)) | AP8: =IF(COUNT(AN$5:AN$48)=0,"",IF(ISNUMBER(AN8),1+POINTS_CAP_B-AN8,0)) | AQ8: =IF(COUNT(AN$5:AN$48)=0,"", IFERROR(CHOOSE($B8,HDCP_V_B1,HDCP_V_B2,HDCP_V_B3,HDCP_V_B4),0)) | AR8: =IF(COUNT(AN$5:AN$48)=0,"",MIN(AP8+AQ8,POINTS_CAP_B)) | AT8: =IF(F8="","",SUM(F8,L8,R8,X8,AD8,AJ8,AP8)) -> 159 | AU8: =IF(H8="","",SUM(H8,N8,T8,Z8,AF8,AL8,AR8)) -> 159
A9: David Goddard | B9: 1 | D9: 15 | E9: 0.026828704 | F9: =IF(COUNT(D$5:D$48)=0,"",IF(ISNUMBER(D9),1+POINTS_CAP_B-D9,0)) -> 26 | G9: =IF(COUNT(D$5:D$48)=0,"", IFERROR(CHOOSE($B9,HDCP_V_B1,HDCP_V_B2,HDCP_V_B3,HDCP_V_B4),0)) -> 0 | H9: =IF(COUNT(D$5:D$48)=0,"",MIN(F9+G9,POINTS_CAP_B)) -> 26 | J9: 8 | K9: 0.022268519 | L9: =IF(COUNT(J$5:J$48)=0,"",IF(ISNUMBER(J9),1+POINTS_CAP_B-J9,0)) -> 33 | M9: =IF(COUNT(J$5:J$48)=0,"", IFERROR(CHOOSE($B9,HDCP_V_B1,HDCP_V_B2,HDCP_V_B3,HDCP_V_B4),0)) -> 0 | N9: =IF(COUNT(J$5:J$48)=0,"",MIN(L9+M9,POINTS_CAP_B)) -> 33 | P9: 14 | Q9: 0.037465278 | R9: =IF(COUNT(P$5:P$48)=0,"",IF(ISNUMBER(P9),1+POINTS_CAP_B-P9,0)) -> 27 | S9: =IF(COUNT(P$5:P$48)=0,"", IFERROR(CHOOSE($B9,HDCP_V_B1,HDCP_V_B2,HDCP_V_B3,HDCP_V_B4),0)) -> 0 | T9: =IF(COUNT(P$5:P$48)=0,"",MIN(R9+S9,POINTS_CAP_B)) -> 27 | V9: 8 | W9: 0.023622685 | X9: =IF(COUNT(V$5:V$48)=0,"",IF(ISNUMBER(V9),1+POINTS_CAP_B-V9,0)) -> 33 | Y9: =IF(COUNT(V$5:V$48)=0,"", IFERROR(CHOOSE($B9,HDCP_V_B1,HDCP_V_B2,HDCP_V_B3,HDCP_V_B4),0)) -> 0 | Z9: =IF(COUNT(V$5:V$48)=0,"",MIN(X9+Y9,POINTS_CAP_B)) -> 33 | AB9: 20 | AC9: 0.054386574 | AD9: =IF(COUNT(AB$5:AB$48)=0,"",IF(ISNUMBER(AB9),1+POINTS_CAP_B-AB9,0)) -> 21 | AE9: =IF(COUNT(AB$5:AB$48)=0,"", IFERROR(CHOOSE($B9,HDCP_V_B1,HDCP_V_B2,HDCP_V_B3,HDCP_V_B4),0)) -> 0 | AF9: =IF(COUNT(AB$5:AB$48)=0,"",MIN(AD9+AE9,POINTS_CAP_B)) -> 21 | AJ9: =IF(COUNT(AH$5:AH$48)=0,"",IF(ISNUMBER(AH9),1+POINTS_CAP_B-AH9,0)) | AK9: =IF(COUNT(AH$5:AH$48)=0,"", IFERROR(CHOOSE($B9,HDCP_V_B1,HDCP_V_B2,HDCP_V_B3,HDCP_V_B4),0)) | AL9: =IF(COUNT(AH$5:AH$48)=0,"",MIN(AJ9+AK9,POINTS_CAP_B)) | AP9: =IF(COUNT(AN$5:AN$48)=0,"",IF(ISNUMBER(AN9),1+POINTS_CAP_B-AN9,0)) | AQ9: =IF(COUNT(AN$5:AN$48)=0,"", IFERROR(CHOOSE($B9,HDCP_V_B1,HDCP_V_B2,HDCP_V_B3,HDCP_V_B4),0)) | AR9: =IF(COUNT(AN$5:AN$48)=0,"",MIN(AP9+AQ9,POINTS_CAP_B)) | AT9: =IF(F9="","",SUM(F9,L9,R9,X9,AD9,AJ9,AP9)) -> 140 | AU9: =IF(H9="","",SUM(H9,N9,T9,Z9,AF9,AL9,AR9)) -> 140
A10: Rich Southcott | B10: 1 | D10: 2 | E10: 0.025104167 | F10: =IF(COUNT(D$5:D$48)=0,"",IF(ISNUMBER(D10),1+POINTS_CAP_B-D10,0)) -> 39 | G10: =IF(COUNT(D$5:D$48)=0,"", IFERROR(CHOOSE($B10,HDCP_V_B1,HDCP_V_B2,HDCP_V_B3,HDCP_V_B4),0)) -> 0 | H10: =IF(COUNT(D$5:D$48)=0,"",MIN(F10+G10,POINTS_CAP_B)) -> 39 | J10: 1 | K10: 0.021006944 | L10: =IF(COUNT(J$5:J$48)=0,"",IF(ISNUMBER(J10),1+POINTS_CAP_B-J10,0)) -> 40 | M10: =IF(COUNT(J$5:J$48)=0,"", IFERROR(CHOOSE($B10,HDCP_V_B1,HDCP_V_B2,HDCP_V_B3,HDCP_V_B4),0)) -> 0 | N10: =IF(COUNT(J$5:J$48)=0,"",MIN(L10+M10,POINTS_CAP_B)) -> 40 | P10: 1 | Q10: 0.033321759 | R10: =IF(COUNT(P$5:P$48)=0,"",IF(ISNUMBER(P10),1+POINTS_CAP_B-P10,0)) -> 40 | S10: =IF(COUNT(P$5:P$48)=0,"", IFERROR(CHOOSE($B10,HDCP_V_B1,HDCP_V_B2,HDCP_V_B3,HDCP_V_B4),0)) -> 0 | T10: =IF(COUNT(P$5:P$48)=0,"",MIN(R10+S10,POINTS_CAP_B)) -> 40 | V10: 1 | W10: 0.021724537 | X10: =IF(COUNT(V$5:V$48)=0,"",IF(ISNUMBER(V10),1+POINTS_CAP_B-V10,0)) -> 40 | Y10: =IF(COUNT(V$5:V$48)=0,"", IFERROR(CHOOSE($B10,HDCP_V_B1,HDCP_V_B2,HDCP_V_B3,HDCP_V_B4),0)) -> 0 | Z10: =IF(COUNT(V$5:V$48)=0,"",MIN(X10+Y10,POINTS_CAP_B)) -> 40 | AB10: 1 | AC10: 0.045231481 | AD10: =IF(COUNT(AB$5:AB$48)=0,"",IF(ISNUMBER(AB10),1+POINTS_CAP_B-AB10,0)) -> 40 | AE10: =IF(COUNT(AB$5:AB$48)=0,"", IFERROR(CHOOSE($B10,HDCP_V_B1,HDCP_V_B2,HDCP_V_B3,HDCP_V_B4),0)) -> 0 | AF10: =IF(COUNT(AB$5:AB$48)=0,"",MIN(AD10+AE10,POINTS_CAP_B)) -> 40 | AJ10: =IF(COUNT(AH$5:AH$48)=0,"",IF(ISNUMBER(AH10),1+POINTS_CAP_B-AH10,0)) | AK10: =IF(COUNT(AH$5:AH$48)=0,"", IFERROR(CHOOSE($B10,HDCP_V_B1,HDCP_V_B2,HDCP_V_B3,HDCP_V_B4),0)) | AL10: =IF(COUNT(AH$5:AH$48)=0,"",MIN(AJ10+AK10,POINTS_CAP_B)) | AP10: =IF(COUNT(AN$5:AN$48)=0,"",IF(ISNUMBER(AN10),1+POINTS_CAP_B-AN10,0)) | AQ10: =IF(COUNT(AN$5:AN$48)=0,"", IFERROR(CHOOSE($B10,HDCP_V_B1,HDCP_V_B2,HDCP_V_B3,HDCP_V_B4),0)) | AR10: =IF(COUNT(AN$5:AN$48)=0,"",MIN(AP10+AQ10,POINTS_CAP_B)) | AT10: =IF(F10="","",SUM(F10,L10,R10,X10,AD10,AJ10,AP10)) -> 199 | AU10: =IF(H10="","",SUM(H10,N10,T10,Z10,AF10,AL10,AR10)) -> 199
A11: Joe Barrett | B11: 1 | D11: 7 | E11: 0.02625 | F11: =IF(COUNT(D$5:D$48)=0,"",IF(ISNUMBER(D11),1+POINTS_CAP_B-D11,0)) -> 34 | G11: =IF(COUNT(D$5:D$48)=0,"", IFERROR(CHOOSE($B11,HDCP_V_B1,HDCP_V_B2,HDCP_V_B3,HDCP_V_B4),0)) -> 0 | H11: =IF(COUNT(D$5:D$48)=0,"",MIN(F11+G11,POINTS_CAP_B)) -> 34 | J11: 10 | K11: 0.022314815 | L11: =IF(COUNT(J$5:J$48)=0,"",IF(ISNUMBER(J11),1+POINTS_CAP_B-J11,0)) -> 31 | M11: =IF(COUNT(J$5:J$48)=0,"", IFERROR(CHOOSE($B11,HDCP_V_B1,HDCP_V_B2,HDCP_V_B3,HDCP_V_B4),0)) -> 0 | N11: =IF(COUNT(J$5:J$48)=0,"",MIN(L11+M11,POINTS_CAP_B)) -> 31 | P11: 9 | Q11: 0.035983796 | R11: =IF(COUNT(P$5:P$48)=0,"",IF(ISNUMBER(P11),1+POINTS_CAP_B-P11,0)) -> 32 | S11: =IF(COUNT(P$5:P$48)=0,"", IFERROR(CHOOSE($B11,HDCP_V_B1,HDCP_V_B2,HDCP_V_B3,HDCP_V_B4),0)) -> 0 | T11: =IF(COUNT(P$5:P$48)=0,"",MIN(R11+S11,POINTS_CAP_B)) -> 32 | V11: 10 | W11: 0.023969907 | X11: =IF(COUNT(V$5:V$48)=0,"",IF(ISNUMBER(V11),1+POINTS_CAP_B-V11,0)) -> 31 | Y11: =IF(COUNT(V$5:V$48)=0,"", IFERROR(CHOOSE($B11,HDCP_V_B1,HDCP_V_B2,HDCP_V_B3,HDCP_V_B4),0)) -> 0 | Z11: =IF(COUNT(V$5:V$48)=0,"",MIN(X11+Y11,POINTS_CAP_B)) -> 31 | AB11: 5 | AC11: 0.049085648 | AD11: =IF(COUNT(AB$5:AB$48)=0,"",IF(ISNUMBER(AB11),1+POINTS_CAP_B-AB11,0)) -> 36 | AE11: =IF(COUNT(AB$5:AB$48)=0,"", IFERROR(CHOOSE($B11,HDCP_V_B1,HDCP_V_B2,HDCP_V_B3,HDCP_V_B4),0)) -> 0 | AF11: =IF(COUNT(AB$5:AB$48)=0,"",MIN(AD11+AE11,POINTS_CAP_B)) -> 36 | AJ11: =IF(COUNT(AH$5:AH$48)=0,"",IF(ISNUMBER(AH11),1+POINTS_CAP_B-AH11,0)) | AK11: =IF(COUNT(AH$5:AH$48)=0,"", IFERROR(CHOOSE($B11,HDCP_V_B1,HDCP_V_B2,HDCP_V_B3,HDCP_V_B4),0)) | AL11: =IF(COUNT(AH$5:AH$48)=0,"",MIN(AJ11+AK11,POINTS_CAP_B)) | AP11: =IF(COUNT(AN$5:AN$48)=0,"",IF(ISNUMBER(AN11),1+POINTS_CAP_B-AN11,0)) | AQ11: =IF(COUNT(AN$5:AN$48)=0,"", IFERROR(CHOOSE($B11,HDCP_V_B1,HDCP_V_B2,HDCP_V_B3,HDCP_V_B4),0)) | AR11: =IF(COUNT(AN$5:AN$48)=0,"",MIN(AP11+AQ11,POINTS_CAP_B)) | AT11: =IF(F11="","",SUM(F11,L11,R11,X11,AD11,AJ11,AP11)) -> 164 | AU11: =IF(H11="","",SUM(H11,N11,T11,Z11,AF11,AL11,AR11)) -> 164
A12: Sean Haywood | B12: 1 | D12: 5 | E12: 0.025393519 | F12: =IF(COUNT(D$5:D$48)=0,"",IF(ISNUMBER(D12),1+POINTS_CAP_B-D12,0)) -> 36 | G12: =IF(COUNT(D$5:D$48)=0,"", IFERROR(CHOOSE($B12,HDCP_V_B1,HDCP_V_B2,HDCP_V_B3,HDCP_V_B4),0)) -> 0 | H12: =IF(COUNT(D$5:D$48)=0,"",MIN(F12+G12,POINTS_CAP_B)) -> 36 | J12: 4 | K12: 0.021377315 | L12: =IF(COUNT(J$5:J$48)=0,"",IF(ISNUMBER(J12),1+POINTS_CAP_B-J12,0)) -> 37 | M12: =IF(COUNT(J$5:J$48)=0,"", IFERROR(CHOOSE($B12,HDCP_V_B1,HDCP_V_B2,HDCP_V_B3,HDCP_V_B4),0)) -> 0 | N12: =IF(COUNT(J$5:J$48)=0,"",MIN(L12+M12,POINTS_CAP_B)) -> 37 | P12: 4 | Q12: 0.035069444 | R12: =IF(COUNT(P$5:P$48)=0,"",IF(ISNUMBER(P12),1+POINTS_CAP_B-P12,0)) -> 37 | S12: =IF(COUNT(P$5:P$48)=0,"", IFERROR(CHOOSE($B12,HDCP_V_B1,HDCP_V_B2,HDCP_V_B3,HDCP_V_B4),0)) -> 0 | T12: =IF(COUNT(P$5:P$48)=0,"",MIN(R12+S12,POINTS_CAP_B)) -> 37 | V12: 4 | W12: 0.02287037 | X12: =IF(COUNT(V$5:V$48)=0,"",IF(ISNUMBER(V12),1+POINTS_CAP_B-V12,0)) -> 37 | Y12: =IF(COUNT(V$5:V$48)=0,"", IFERROR(CHOOSE($B12,HDCP_V_B1,HDCP_V_B2,HDCP_V_B3,HDCP_V_B4),0)) -> 0 | Z12: =IF(COUNT(V$5:V$48)=0,"",MIN(X12+Y12,POINTS_CAP_B)) -> 37 | AB12: 3 | AC12: 0.047256944 | AD12: =IF(COUNT(AB$5:AB$48)=0,"",IF(ISNUMBER(AB12),1+POINTS_CAP_B-AB12,0)) -> 38 | AE12: =IF(COUNT(AB$5:AB$48)=0,"", IFERROR(CHOOSE($B12,HDCP_V_B1,HDCP_V_B2,HDCP_V_B3,HDCP_V_B4),0)) -> 0 | AF12: =IF(COUNT(AB$5:AB$48)=0,"",MIN(AD12+AE12,POINTS_CAP_B)) -> 38 | AJ12: =IF(COUNT(AH$5:AH$48)=0,"",IF(ISNUMBER(AH12),1+POINTS_CAP_B-AH12,0)) | AK12: =IF(COUNT(AH$5:AH$48)=0,"", IFERROR(CHOOSE($B12,HDCP_V_B1,HDCP_V_B2,HDCP_V_B3,HDCP_V_B4),0)) | AL12: =IF(COUNT(AH$5:AH$48)=0,"",MIN(AJ12+AK12,POINTS_CAP_B)) | AP12: =IF(COUNT(AN$5:AN$48)=0,"",IF(ISNUMBER(AN12),1+POINTS_CAP_B-AN12,0)) | AQ12: =IF(COUNT(AN$5:AN$48)=0,"", IFERROR(CHOOSE($B12,HDCP_V_B1,HDCP_V_B2,HDCP_V_B3,HDCP_V_B4),0)) | AR12: =IF(COUNT(AN$5:AN$48)=0,"",MIN(AP12+AQ12,POINTS_CAP_B)) | AT12: =IF(F12="","",SUM(F12,L12,R12,X12,AD12,AJ12,AP12)) -> 185 | AU12: =IF(H12="","",SUM(H12,N12,T12,Z12,AF12,AL12,AR12)) -> 185
A13: Gareth Edwards | B13: 2 | D13: 17 | E13: 0.026863426 | F13: =IF(COUNT(D$5:D$48)=0,"",IF(ISNUMBER(D13),1+POINTS_CAP_B-D13,0)) -> 24 | G13: =IF(COUNT(D$5:D$48)=0,"", IFERROR(CHOOSE($B13,HDCP_V_B1,HDCP_V_B2,HDCP_V_B3,HDCP_V_B4),0)) -> 8 | H13: =IF(COUNT(D$5:D$48)=0,"",MIN(F13+G13,POINTS_CAP_B)) -> 32 | J13: 21 | K13: 0.023715278 | L13: =IF(COUNT(J$5:J$48)=0,"",IF(ISNUMBER(J13),1+POINTS_CAP_B-J13,0)) -> 20 | M13: =IF(COUNT(J$5:J$48)=0,"", IFERROR(CHOOSE($B13,HDCP_V_B1,HDCP_V_B2,HDCP_V_B3,HDCP_V_B4),0)) -> 8 | N13: =IF(COUNT(J$5:J$48)=0,"",MIN(L13+M13,POINTS_CAP_B)) -> 28 | P13: 20 | Q13: 0.038310185 | R13: =IF(COUNT(P$5:P$48)=0,"",IF(ISNUMBER(P13),1+POINTS_CAP_B-P13,0)) -> 21 | S13: =IF(COUNT(P$5:P$48)=0,"", IFERROR(CHOOSE($B13,HDCP_V_B1,HDCP_V_B2,HDCP_V_B3,HDCP_V_B4),0)) -> 8 | T13: =IF(COUNT(P$5:P$48)=0,"",MIN(R13+S13,POINTS_CAP_B)) -> 29 | V13: 19 | W13: 0.024803241 | X13: =IF(COUNT(V$5:V$48)=0,"",IF(ISNUMBER(V13),1+POINTS_CAP_B-V13,0)) -> 22 | Y13: =IF(COUNT(V$5:V$48)=0,"", IFERROR(CHOOSE($B13,HDCP_V_B1,HDCP_V_B2,HDCP_V_B3,HDCP_V_B4),0)) -> 8 | Z13: =IF(COUNT(V$5:V$48)=0,"",MIN(X13+Y13,POINTS_CAP_B)) -> 30 | AB13: 27 | AC13: 0.059502315 | AD13: =IF(COUNT(AB$5:AB$48)=0,"",IF(ISNUMBER(AB13),1+POINTS_CAP_B-AB13,0)) -> 14 | AE13: =IF(COUNT(AB$5:AB$48)=0,"", IFERROR(CHOOSE($B13,HDCP_V_B1,HDCP_V_B2,HDCP_V_B3,HDCP_V_B4),0)) -> 8 | AF13: =IF(COUNT(AB$5:AB$48)=0,"",MIN(AD13+AE13,POINTS_CAP_B)) -> 22 | AJ13: =IF(COUNT(AH$5:AH$48)=0,"",IF(ISNUMBER(AH13),1+POINTS_CAP_B-AH13,0)) | AK13: =IF(COUNT(AH$5:AH$48)=0,"", IFERROR(CHOOSE($B13,HDCP_V_B1,HDCP_V_B2,HDCP_V_B3,HDCP_V_B4),0)) | AL13: =IF(COUNT(AH$5:AH$48)=0,"",MIN(AJ13+AK13,POINTS_CAP_B)) | AP13: =IF(COUNT(AN$5:AN$48)=0,"",IF(ISNUMBER(AN13),1+POINTS_CAP_B-AN13,0)) | AQ13: =IF(COUNT(AN$5:AN$48)=0,"", IFERROR(CHOOSE($B13,HDCP_V_B1,HDCP_V_B2,HDCP_V_B3,HDCP_V_B4),0)) | AR13: =IF(COUNT(AN$5:AN$48)=0,"",MIN(AP13+AQ13,POINTS_CAP_B)) | AT13: =IF(F13="","",SUM(F13,L13,R13,X13,AD13,AJ13,AP13)) -> 101 | AU13: =IF(H13="","",SUM(H13,N13,T13,Z13,AF13,AL13,AR13)) -> 141
A14: Alex Wilson-Jones | B14: 2 | D14: 12 | E14: 0.026770833 | F14: =IF(COUNT(D$5:D$48)=0,"",IF(ISNUMBER(D14),1+POINTS_CAP_B-D14,0)) -> 29 | G14: =IF(COUNT(D$5:D$48)=0,"", IFERROR(CHOOSE($B14,HDCP_V_B1,HDCP_V_B2,HDCP_V_B3,HDCP_V_B4),0)) -> 8 | H14: =IF(COUNT(D$5:D$48)=0,"",MIN(F14+G14,POINTS_CAP_B)) -> 37 | J14: 16 | K14: 0.022766204 | L14: =IF(COUNT(J$5:J$48)=0,"",IF(ISNUMBER(J14),1+POINTS_CAP_B-J14,0)) -> 25 | M14: =IF(COUNT(J$5:J$48)=0,"", IFERROR(CHOOSE($B14,HDCP_V_B1,HDCP_V_B2,HDCP_V_B3,HDCP_V_B4),0)) -> 8 | N14: =IF(COUNT(J$5:J$48)=0,"",MIN(L14+M14,POINTS_CAP_B)) -> 33 | P14: 19 | Q14: 0.037951389 | R14: =IF(COUNT(P$5:P$48)=0,"",IF(ISNUMBER(P14),1+POINTS_CAP_B-P14,0)) -> 22 | S14: =IF(COUNT(P$5:P$48)=0,"", IFERROR(CHOOSE($B14,HDCP_V_B1,HDCP_V_B2,HDCP_V_B3,HDCP_V_B4),0)) -> 8 | T14: =IF(COUNT(P$5:P$48)=0,"",MIN(R14+S14,POINTS_CAP_B)) -> 30 | V14: 15 | W14: 0.024328704 | X14: =IF(COUNT(V$5:V$48)=0,"",IF(ISNUMBER(V14),1+POINTS_CAP_B-V14,0)) -> 26 | Y14: =IF(COUNT(V$5:V$48)=0,"", IFERROR(CHOOSE($B14,HDCP_V_B1,HDCP_V_B2,HDCP_V_B3,HDCP_V_B4),0)) -> 8 | Z14: =IF(COUNT(V$5:V$48)=0,"",MIN(X14+Y14,POINTS_CAP_B)) -> 34 | AB14: 17 | AC14: 0.053680556 | AD14: =IF(COUNT(AB$5:AB$48)=0,"",IF(ISNUMBER(AB14),1+POINTS_CAP_B-AB14,0)) -> 24 | AE14: =IF(COUNT(AB$5:AB$48)=0,"", IFERROR(CHOOSE($B14,HDCP_V_B1,HDCP_V_B2,HDCP_V_B3,HDCP_V_B4),0)) -> 8 | AF14: =IF(COUNT(AB$5:AB$48)=0,"",MIN(AD14+AE14,POINTS_CAP_B)) -> 32 | AJ14: =IF(COUNT(AH$5:AH$48)=0,"",IF(ISNUMBER(AH14),1+POINTS_CAP_B-AH14,0)) | AK14: =IF(COUNT(AH$5:AH$48)=0,"", IFERROR(CHOOSE($B14,HDCP_V_B1,HDCP_V_B2,HDCP_V_B3,HDCP_V_B4),0)) | AL14: =IF(COUNT(AH$5:AH$48)=0,"",MIN(AJ14+AK14,POINTS_CAP_B)) | AP14: =IF(COUNT(AN$5:AN$48)=0,"",IF(ISNUMBER(AN14),1+POINTS_CAP_B-AN14,0)) | AQ14: =IF(COUNT(AN$5:AN$48)=0,"", IFERROR(CHOOSE($B14,HDCP_V_B1,HDCP_V_B2,HDCP_V_B3,HDCP_V_B4),0)) | AR14: =IF(COUNT(AN$5:AN$48)=0,"",MIN(AP14+AQ14,POINTS_CAP_B)) | AT14: =IF(F14="","",SUM(F14,L14,R14,X14,AD14,AJ14,AP14)) -> 126 | AU14: =IF(H14="","",SUM(H14,N14,T14,Z14,AF14,AL14,AR14)) -> 166
A15: Justin Goold | B15: 2 | D15: 14 | E15: 0.026828704 | F15: =IF(COUNT(D$5:D$48)=0,"",IF(ISNUMBER(D15),1+POINTS_CAP_B-D15,0)) -> 27 | G15: =IF(COUNT(D$5:D$48)=0,"", IFERROR(CHOOSE($B15,HDCP_V_B1,HDCP_V_B2,HDCP_V_B3,HDCP_V_B4),0)) -> 8 | H15: =IF(COUNT(D$5:D$48)=0,"",MIN(F15+G15,POINTS_CAP_B)) -> 35 | J15: 14 | K15: 0.022592593 | L15: =IF(COUNT(J$5:J$48)=0,"",IF(ISNUMBER(J15),1+POINTS_CAP_B-J15,0)) -> 27 | M15: =IF(COUNT(J$5:J$48)=0,"", IFERROR(CHOOSE($B15,HDCP_V_B1,HDCP_V_B2,HDCP_V_B3,HDCP_V_B4),0)) -> 8 | N15: =IF(COUNT(J$5:J$48)=0,"",MIN(L15+M15,POINTS_CAP_B)) -> 35 | P15: 16 | Q15: 0.03755787 | R15: =IF(COUNT(P$5:P$48)=0,"",IF(ISNUMBER(P15),1+POINTS_CAP_B-P15,0)) -> 25 | S15: =IF(COUNT(P$5:P$48)=0,"", IFERROR(CHOOSE($B15,HDCP_V_B1,HDCP_V_B2,HDCP_V_B3,HDCP_V_B4),0)) -> 8 | T15: =IF(COUNT(P$5:P$48)=0,"",MIN(R15+S15,POINTS_CAP_B)) -> 33 | V15: 24 | W15: 0.026030093 | X15: =IF(COUNT(V$5:V$48)=0,"",IF(ISNUMBER(V15),1+POINTS_CAP_B-V15,0)) -> 17 | Y15: =IF(COUNT(V$5:V$48)=0,"", IFERROR(CHOOSE($B15,HDCP_V_B1,HDCP_V_B2,HDCP_V_B3,HDCP_V_B4),0)) -> 8 | Z15: =IF(COUNT(V$5:V$48)=0,"",MIN(X15+Y15,POINTS_CAP_B)) -> 25 | AB15: 37 | AC15: 0.080509259 | AD15: =IF(COUNT(AB$5:AB$48)=0,"",IF(ISNUMBER(AB15),1+POINTS_CAP_B-AB15,0)) -> 4 | AE15: =IF(COUNT(AB$5:AB$48)=0,"", IFERROR(CHOOSE($B15,HDCP_V_B1,HDCP_V_B2,HDCP_V_B3,HDCP_V_B4),0)) -> 8 | AF15: =IF(COUNT(AB$5:AB$48)=0,"",MIN(AD15+AE15,POINTS_CAP_B)) -> 12 | AJ15: =IF(COUNT(AH$5:AH$48)=0,"",IF(ISNUMBER(AH15),1+POINTS_CAP_B-AH15,0)) | AK15: =IF(COUNT(AH$5:AH$48)=0,"", IFERROR(CHOOSE($B15,HDCP_V_B1,HDCP_V_B2,HDCP_V_B3,HDCP_V_B4),0)) | AL15: =IF(COUNT(AH$5:AH$48)=0,"",MIN(AJ15+AK15,POINTS_CAP_B)) | AP15: =IF(COUNT(AN$5:AN$48)=0,"",IF(ISNUMBER(AN15),1+POINTS_CAP_B-AN15,0)) | AQ15: =IF(COUNT(AN$5:AN$48)=0,"", IFERROR(CHOOSE($B15,HDCP_V_B1,HDCP_V_B2,HDCP_V_B3,HDCP_V_B4),0)) | AR15: =IF(COUNT(AN$5:AN$48)=0,"",MIN(AP15+AQ15,POINTS_CAP_B)) | AT15: =IF(F15="","",SUM(F15,L15,R15,X15,AD15,AJ15,AP15)) -> 100 | AU15: =IF(H15="","",SUM(H15,N15,T15,Z15,AF15,AL15,AR15)) -> 140
A16: Rob Cherry | B16: 2 | D16: 30 | E16: 0.03037037 | F16: =IF(COUNT(D$5:D$48)=0,"",IF(ISNUMBER(D16),1+POINTS_CAP_B-D16,0)) -> 11 | G16: =IF(COUNT(D$5:D$48)=0,"", IFERROR(CHOOSE($B16,HDCP_V_B1,HDCP_V_B2,HDCP_V_B3,HDCP_V_B4),0)) -> 8 | H16: =IF(COUNT(D$5:D$48)=0,"",MIN(F16+G16,POINTS_CAP_B)) -> 19 | J16: 28 | K16: 0.025289352 | L16: =IF(COUNT(J$5:J$48)=0,"",IF(ISNUMBER(J16),1+POINTS_CAP_B-J16,0)) -> 13 | M16: =IF(COUNT(J$5:J$48)=0,"", IFERROR(CHOOSE($B16,HDCP_V_B1,HDCP_V_B2,HDCP_V_B3,HDCP_V_B4),0)) -> 8 | N16: =IF(COUNT(J$5:J$48)=0,"",MIN(L16+M16,POINTS_CAP_B)) -> 21 | P16: 23 | Q16: 0.039108796 | R16: =IF(COUNT(P$5:P$48)=0,"",IF(ISNUMBER(P16),1+POINTS_CAP_B-P16,0)) -> 18 | S16: =IF(COUNT(P$5:P$48)=0,"", IFERROR(CHOOSE($B16,HDCP_V_B1,HDCP_V_B2,HDCP_V_B3,HDCP_V_B4),0)) -> 8 | T16: =IF(COUNT(P$5:P$48)=0,"",MIN(R16+S16,POINTS_CAP_B)) -> 26 | V16: 31 | W16: 0.02693287 | X16: =IF(COUNT(V$5:V$48)=0,"",IF(ISNUMBER(V16),1+POINTS_CAP_B-V16,0)) -> 10 | Y16: =IF(COUNT(V$5:V$48)=0,"", IFERROR(CHOOSE($B16,HDCP_V_B1,HDCP_V_B2,HDCP_V_B3,HDCP_V_B4),0)) -> 8 | Z16: =IF(COUNT(V$5:V$48)=0,"",MIN(X16+Y16,POINTS_CAP_B)) -> 18 | AB16: 21 | AC16: 0.055 | AD16: =IF(COUNT(AB$5:AB$48)=0,"",IF(ISNUMBER(AB16),1+POINTS_CAP_B-AB16,0)) -> 20 | AE16: =IF(COUNT(AB$5:AB$48)=0,"", IFERROR(CHOOSE($B16,HDCP_V_B1,HDCP_V_B2,HDCP_V_B3,HDCP_V_B4),0)) -> 8 | AF16: =IF(COUNT(AB$5:AB$48)=0,"",MIN(AD16+AE16,POINTS_CAP_B)) -> 28 | AJ16: =IF(COUNT(AH$5:AH$48)=0,"",IF(ISNUMBER(AH16),1+POINTS_CAP_B-AH16,0)) | AK16: =IF(COUNT(AH$5:AH$48)=0,"", IFERROR(CHOOSE($B16,HDCP_V_B1,HDCP_V_B2,HDCP_V_B3,HDCP_V_B4),0)) | AL16: =IF(COUNT(AH$5:AH$48)=0,"",MIN(AJ16+AK16,POINTS_CAP_B)) | AP16: =IF(COUNT(AN$5:AN$48)=0,"",IF(ISNUMBER(AN16),1+POINTS_CAP_B-AN16,0)) | AQ16: =IF(COUNT(AN$5:AN$48)=0,"", IFERROR(CHOOSE($B16,HDCP_V_B1,HDCP_V_B2,HDCP_V_B3,HDCP_V_B4),0)) | AR16: =IF(COUNT(AN$5:AN$48)=0,"",MIN(AP16+AQ16,POINTS_CAP_B)) | AT16: =IF(F16="","",SUM(F16,L16,R16,X16,AD16,AJ16,AP16)) -> 72 | AU16: =IF(H16="","",SUM(H16,N16,T16,Z16,AF16,AL16,AR16)) -> 112
A17: Chris Croft | B17: 2 | D17: 25 | E17: 0.028854167 | F17: =IF(COUNT(D$5:D$48)=0,"",IF(ISNUMBER(D17),1+POINTS_CAP_B-D17,0)) -> 16 | G17: =IF(COUNT(D$5:D$48)=0,"", IFERROR(CHOOSE($B17,HDCP_V_B1,HDCP_V_B2,HDCP_V_B3,HDCP_V_B4),0)) -> 8 | H17: =IF(COUNT(D$5:D$48)=0,"",MIN(F17+G17,POINTS_CAP_B)) -> 24 | J17: 26 | K17: 0.025023148 | L17: =IF(COUNT(J$5:J$48)=0,"",IF(ISNUMBER(J17),1+POINTS_CAP_B-J17,0)) -> 15 | M17: =IF(COUNT(J$5:J$48)=0,"", IFERROR(CHOOSE($B17,HDCP_V_B1,HDCP_V_B2,HDCP_V_B3,HDCP_V_B4),0)) -> 8 | N17: =IF(COUNT(J$5:J$48)=0,"",MIN(L17+M17,POINTS_CAP_B)) -> 23 | P17: 28 | Q17: 0.041180556 | R17: =IF(COUNT(P$5:P$48)=0,"",IF(ISNUMBER(P17),1+POINTS_CAP_B-P17,0)) -> 13 | S17: =IF(COUNT(P$5:P$48)=0,"", IFERROR(CHOOSE($B17,HDCP_V_B1,HDCP_V_B2,HDCP_V_B3,HDCP_V_B4),0)) -> 8 | T17: =IF(COUNT(P$5:P$48)=0,"",MIN(R17+S17,POINTS_CAP_B)) -> 21 | V17: 27 | W17: 0.026377315 | X17: =IF(COUNT(V$5:V$48)=0,"",IF(ISNUMBER(V17),1+POINTS_CAP_B-V17,0)) -> 14 | Y17: =IF(COUNT(V$5:V$48)=0,"", IFERROR(CHOOSE($B17,HDCP_V_B1,HDCP_V_B2,HDCP_V_B3,HDCP_V_B4),0)) -> 8 | Z17: =IF(COUNT(V$5:V$48)=0,"",MIN(X17+Y17,POINTS_CAP_B)) -> 22 | AB17: 26 | AC17: 0.057847222 | AD17: =IF(COUNT(AB$5:AB$48)=0,"",IF(ISNUMBER(AB17),1+POINTS_CAP_B-AB17,0)) -> 15 | AE17: =IF(COUNT(AB$5:AB$48)=0,"", IFERROR(CHOOSE($B17,HDCP_V_B1,HDCP_V_B2,HDCP_V_B3,HDCP_V_B4),0)) -> 8 | AF17: =IF(COUNT(AB$5:AB$48)=0,"",MIN(AD17+AE17,POINTS_CAP_B)) -> 23 | AJ17: =IF(COUNT(AH$5:AH$48)=0,"",IF(ISNUMBER(AH17),1+POINTS_CAP_B-AH17,0)) | AK17: =IF(COUNT(AH$5:AH$48)=0,"", IFERROR(CHOOSE($B17,HDCP_V_B1,HDCP_V_B2,HDCP_V_B3,HDCP_V_B4),0)) | AL17: =IF(COUNT(AH$5:AH$48)=0,"",MIN(AJ17+AK17,POINTS_CAP_B)) | AP17: =IF(COUNT(AN$5:AN$48)=0,"",IF(ISNUMBER(AN17),1+POINTS_CAP_B-AN17,0)) | AQ17: =IF(COUNT(AN$5:AN$48)=0,"", IFERROR(CHOOSE($B17,HDCP_V_B1,HDCP_V_B2,HDCP_V_B3,HDCP_V_B4),0)) | AR17: =IF(COUNT(AN$5:AN$48)=0,"",MIN(AP17+AQ17,POINTS_CAP_B)) | AT17: =IF(F17="","",SUM(F17,L17,R17,X17,AD17,AJ17,AP17)) -> 73 | AU17: =IF(H17="","",SUM(H17,N17,T17,Z17,AF17,AL17,AR17)) -> 113
A18: Simon White | B18: 2 | D18: 19 | E18: 0.0275 | F18: =IF(COUNT(D$5:D$48)=0,"",IF(ISNUMBER(D18),1+POINTS_CAP_B-D18,0)) -> 22 | G18: =IF(COUNT(D$5:D$48)=0,"", IFERROR(CHOOSE($B18,HDCP_V_B1,HDCP_V_B2,HDCP_V_B3,HDCP_V_B4),0)) -> 8 | H18: =IF(COUNT(D$5:D$48)=0,"",MIN(F18+G18,POINTS_CAP_B)) -> 30 | J18: 17 | K18: 0.022824074 | L18: =IF(COUNT(J$5:J$48)=0,"",IF(ISNUMBER(J18),1+POINTS_CAP_B-J18,0)) -> 24 | M18: =IF(COUNT(J$5:J$48)=0,"", IFERROR(CHOOSE($B18,HDCP_V_B1,HDCP_V_B2,HDCP_V_B3,HDCP_V_B4),0)) -> 8 | N18: =IF(COUNT(J$5:J$48)=0,"",MIN(L18+M18,POINTS_CAP_B)) -> 32 | P18: 18 | Q18: 0.037766204 | R18: =IF(COUNT(P$5:P$48)=0,"",IF(ISNUMBER(P18),1+POINTS_CAP_B-P18,0)) -> 23 | S18: =IF(COUNT(P$5:P$48)=0,"", IFERROR(CHOOSE($B18,HDCP_V_B1,HDCP_V_B2,HDCP_V_B3,HDCP_V_B4),0)) -> 8 | T18: =IF(COUNT(P$5:P$48)=0,"",MIN(R18+S18,POINTS_CAP_B)) -> 31 | V18: 21 | W18: 0.025289352 | X18: =IF(COUNT(V$5:V$48)=0,"",IF(ISNUMBER(V18),1+POINTS_CAP_B-V18,0)) -> 20 | Y18: =IF(COUNT(V$5:V$48)=0,"", IFERROR(CHOOSE($B18,HDCP_V_B1,HDCP_V_B2,HDCP_V_B3,HDCP_V_B4),0)) -> 8 | Z18: =IF(COUNT(V$5:V$48)=0,"",MIN(X18+Y18,POINTS_CAP_B)) -> 28 | AB18: 14 | AC18: 01:!5:06 | AD18: =IF(COUNT(AB$5:AB$48)=0,"",IF(ISNUMBER(AB18),1+POINTS_CAP_B-AB18,0)) -> 27 | AE18: =IF(COUNT(AB$5:AB$48)=0,"", IFERROR(CHOOSE($B18,HDCP_V_B1,HDCP_V_B2,HDCP_V_B3,HDCP_V_B4),0)) -> 8 | AF18: =IF(COUNT(AB$5:AB$48)=0,"",MIN(AD18+AE18,POINTS_CAP_B)) -> 35 | AJ18: =IF(COUNT(AH$5:AH$48)=0,"",IF(ISNUMBER(AH18),1+POINTS_CAP_B-AH18,0)) | AK18: =IF(COUNT(AH$5:AH$48)=0,"", IFERROR(CHOOSE($B18,HDCP_V_B1,HDCP_V_B2,HDCP_V_B3,HDCP_V_B4),0)) | AL18: =IF(COUNT(AH$5:AH$48)=0,"",MIN(AJ18+AK18,POINTS_CAP_B)) | AP18: =IF(COUNT(AN$5:AN$48)=0,"",IF(ISNUMBER(AN18),1+POINTS_CAP_B-AN18,0)) | AQ18: =IF(COUNT(AN$5:AN$48)=0,"", IFERROR(CHOOSE($B18,HDCP_V_B1,HDCP_V_B2,HDCP_V_B3,HDCP_V_B4),0)) | AR18: =IF(COUNT(AN$5:AN$48)=0,"",MIN(AP18+AQ18,POINTS_CAP_B)) | AT18: =IF(F18="","",SUM(F18,L18,R18,X18,AD18,AJ18,AP18)) -> 116 | AU18: =IF(H18="","",SUM(H18,N18,T18,Z18,AF18,AL18,AR18)) -> 156
A19: David Griffiths | B19: 2 | D19: 11 | E19: 0.026712963 | F19: =IF(COUNT(D$5:D$48)=0,"",IF(ISNUMBER(D19),1+POINTS_CAP_B-D19,0)) -> 30 | G19: =IF(COUNT(D$5:D$48)=0,"", IFERROR(CHOOSE($B19,HDCP_V_B1,HDCP_V_B2,HDCP_V_B3,HDCP_V_B4),0)) -> 8 | H19: =IF(COUNT(D$5:D$48)=0,"",MIN(F19+G19,POINTS_CAP_B)) -> 38 | J19: 11 | K19: 0.0225 | L19: =IF(COUNT(J$5:J$48)=0,"",IF(ISNUMBER(J19),1+POINTS_CAP_B-J19,0)) -> 30 | M19: =IF(COUNT(J$5:J$48)=0,"", IFERROR(CHOOSE($B19,HDCP_V_B1,HDCP_V_B2,HDCP_V_B3,HDCP_V_B4),0)) -> 8 | N19: =IF(COUNT(J$5:J$48)=0,"",MIN(L19+M19,POINTS_CAP_B)) -> 38 | P19: 25 | Q19: 0.039849537 | R19: =IF(COUNT(P$5:P$48)=0,"",IF(ISNUMBER(P19),1+POINTS_CAP_B-P19,0)) -> 16 | S19: =IF(COUNT(P$5:P$48)=0,"", IFERROR(CHOOSE($B19,HDCP_V_B1,HDCP_V_B2,HDCP_V_B3,HDCP_V_B4),0)) -> 8 | T19: =IF(COUNT(P$5:P$48)=0,"",MIN(R19+S19,POINTS_CAP_B)) -> 24 | V19: 11 | W19: 0.024039352 | X19: =IF(COUNT(V$5:V$48)=0,"",IF(ISNUMBER(V19),1+POINTS_CAP_B-V19,0)) -> 30 | Y19: =IF(COUNT(V$5:V$48)=0,"", IFERROR(CHOOSE($B19,HDCP_V_B1,HDCP_V_B2,HDCP_V_B3,HDCP_V_B4),0)) -> 8 | Z19: =IF(COUNT(V$5:V$48)=0,"",MIN(X19+Y19,POINTS_CAP_B)) -> 38 | AB19: 19 | AC19: 0.054340278 | AD19: =IF(COUNT(AB$5:AB$48)=0,"",IF(ISNUMBER(AB19),1+POINTS_CAP_B-AB19,0)) -> 22 | AE19: =IF(COUNT(AB$5:AB$48)=0,"", IFERROR(CHOOSE($B19,HDCP_V_B1,HDCP_V_B2,HDCP_V_B3,HDCP_V_B4),0)) -> 8 | AF19: =IF(COUNT(AB$5:AB$48)=0,"",MIN(AD19+AE19,POINTS_CAP_B)) -> 30 | AJ19: =IF(COUNT(AH$5:AH$48)=0,"",IF(ISNUMBER(AH19),1+POINTS_CAP_B-AH19,0)) | AK19: =IF(COUNT(AH$5:AH$48)=0,"", IFERROR(CHOOSE($B19,HDCP_V_B1,HDCP_V_B2,HDCP_V_B3,HDCP_V_B4),0)) | AL19: =IF(COUNT(AH$5:AH$48)=0,"",MIN(AJ19+AK19,POINTS_CAP_B)) | AP19: =IF(COUNT(AN$5:AN$48)=0,"",IF(ISNUMBER(AN19),1+POINTS_CAP_B-AN19,0)) | AQ19: =IF(COUNT(AN$5:AN$48)=0,"", IFERROR(CHOOSE($B19,HDCP_V_B1,HDCP_V_B2,HDCP_V_B3,HDCP_V_B4),0)) | AR19: =IF(COUNT(AN$5:AN$48)=0,"",MIN(AP19+AQ19,POINTS_CAP_B)) | AT19: =IF(F19="","",SUM(F19,L19,R19,X19,AD19,AJ19,AP19)) -> 128 | AU19: =IF(H19="","",SUM(H19,N19,T19,Z19,AF19,AL19,AR19)) -> 168
A20: Richard Harrison | B20: 2 | D20: 20 | E20: 0.027581019 | F20: =IF(COUNT(D$5:D$48)=0,"",IF(ISNUMBER(D20),1+POINTS_CAP_B-D20,0)) -> 21 | G20: =IF(COUNT(D$5:D$48)=0,"", IFERROR(CHOOSE($B20,HDCP_V_B1,HDCP_V_B2,HDCP_V_B3,HDCP_V_B4),0)) -> 8 | H20: =IF(COUNT(D$5:D$48)=0,"",MIN(F20+G20,POINTS_CAP_B)) -> 29 | J20: 23 | K20: 0.024270833 | L20: =IF(COUNT(J$5:J$48)=0,"",IF(ISNUMBER(J20),1+POINTS_CAP_B-J20,0)) -> 18 | M20: =IF(COUNT(J$5:J$48)=0,"", IFERROR(CHOOSE($B20,HDCP_V_B1,HDCP_V_B2,HDCP_V_B3,HDCP_V_B4),0)) -> 8 | N20: =IF(COUNT(J$5:J$48)=0,"",MIN(L20+M20,POINTS_CAP_B)) -> 26 | P20: 21 | Q20: 0.038680556 | R20: =IF(COUNT(P$5:P$48)=0,"",IF(ISNUMBER(P20),1+POINTS_CAP_B-P20,0)) -> 20 | S20: =IF(COUNT(P$5:P$48)=0,"", IFERROR(CHOOSE($B20,HDCP_V_B1,HDCP_V_B2,HDCP_V_B3,HDCP_V_B4),0)) -> 8 | T20: =IF(COUNT(P$5:P$48)=0,"",MIN(R20+S20,POINTS_CAP_B)) -> 28 | V20: 28 | W20: 0.026458333 | X20: =IF(COUNT(V$5:V$48)=0,"",IF(ISNUMBER(V20),1+POINTS_CAP_B-V20,0)) -> 13 | Y20: =IF(COUNT(V$5:V$48)=0,"", IFERROR(CHOOSE($B20,HDCP_V_B1,HDCP_V_B2,HDCP_V_B3,HDCP_V_B4),0)) -> 8 | Z20: =IF(COUNT(V$5:V$48)=0,"",MIN(X20+Y20,POINTS_CAP_B)) -> 21 | AB20: 24 | AC20: 0.055972222 | AD20: =IF(COUNT(AB$5:AB$48)=0,"",IF(ISNUMBER(AB20),1+POINTS_CAP_B-AB20,0)) -> 17 | AE20: =IF(COUNT(AB$5:AB$48)=0,"", IFERROR(CHOOSE($B20,HDCP_V_B1,HDCP_V_B2,HDCP_V_B3,HDCP_V_B4),0)) -> 8 | AF20: =IF(COUNT(AB$5:AB$48)=0,"",MIN(AD20+AE20,POINTS_CAP_B)) -> 25 | AJ20: =IF(COUNT(AH$5:AH$48)=0,"",IF(ISNUMBER(AH20),1+POINTS_CAP_B-AH20,0)) | AK20: =IF(COUNT(AH$5:AH$48)=0,"", IFERROR(CHOOSE($B20,HDCP_V_B1,HDCP_V_B2,HDCP_V_B3,HDCP_V_B4),0)) | AL20: =IF(COUNT(AH$5:AH$48)=0,"",MIN(AJ20+AK20,POINTS_CAP_B)) | AP20: =IF(COUNT(AN$5:AN$48)=0,"",IF(ISNUMBER(AN20),1+POINTS_CAP_B-AN20,0)) | AQ20: =IF(COUNT(AN$5:AN$48)=0,"", IFERROR(CHOOSE($B20,HDCP_V_B1,HDCP_V_B2,HDCP_V_B3,HDCP_V_B4),0)) | AR20: =IF(COUNT(AN$5:AN$48)=0,"",MIN(AP20+AQ20,POINTS_CAP_B)) | AT20: =IF(F20="","",SUM(F20,L20,R20,X20,AD20,AJ20,AP20)) -> 89 | AU20: =IF(H20="","",SUM(H20,N20,T20,Z20,AF20,AL20,AR20)) -> 129
A21: Alex Joss | B21: 2 | D21: 13 | E21: 0.026782407 | F21: =IF(COUNT(D$5:D$48)=0,"",IF(ISNUMBER(D21),1+POINTS_CAP_B-D21,0)) -> 28 | G21: =IF(COUNT(D$5:D$48)=0,"", IFERROR(CHOOSE($B21,HDCP_V_B1,HDCP_V_B2,HDCP_V_B3,HDCP_V_B4),0)) -> 8 | H21: =IF(COUNT(D$5:D$48)=0,"",MIN(F21+G21,POINTS_CAP_B)) -> 36 | J21: 18 | K21: 0.023298611 | L21: =IF(COUNT(J$5:J$48)=0,"",IF(ISNUMBER(J21),1+POINTS_CAP_B-J21,0)) -> 23 | M21: =IF(COUNT(J$5:J$48)=0,"", IFERROR(CHOOSE($B21,HDCP_V_B1,HDCP_V_B2,HDCP_V_B3,HDCP_V_B4),0)) -> 8 | N21: =IF(COUNT(J$5:J$48)=0,"",MIN(L21+M21,POINTS_CAP_B)) -> 31 | P21: 11 | Q21: 0.036423611 | R21: =IF(COUNT(P$5:P$48)=0,"",IF(ISNUMBER(P21),1+POINTS_CAP_B-P21,0)) -> 30 | S21: =IF(COUNT(P$5:P$48)=0,"", IFERROR(CHOOSE($B21,HDCP_V_B1,HDCP_V_B2,HDCP_V_B3,HDCP_V_B4),0)) -> 8 | T21: =IF(COUNT(P$5:P$48)=0,"",MIN(R21+S21,POINTS_CAP_B)) -> 38 | V21: 16 | W21: 0.024479167 | X21: =IF(COUNT(V$5:V$48)=0,"",IF(ISNUMBER(V21),1+POINTS_CAP_B-V21,0)) -> 25 | Y21: =IF(COUNT(V$5:V$48)=0,"", IFERROR(CHOOSE($B21,HDCP_V_B1,HDCP_V_B2,HDCP_V_B3,HDCP_V_B4),0)) -> 8 | Z21: =IF(COUNT(V$5:V$48)=0,"",MIN(X21+Y21,POINTS_CAP_B)) -> 33 | AB21: 7 | AC21: 0.049444444 | AD21: =IF(COUNT(AB$5:AB$48)=0,"",IF(ISNUMBER(AB21),1+POINTS_CAP_B-AB21,0)) -> 34 | AE21: =IF(COUNT(AB$5:AB$48)=0,"", IFERROR(CHOOSE($B21,HDCP_V_B1,HDCP_V_B2,HDCP_V_B3,HDCP_V_B4),0)) -> 8 | AF21: =IF(COUNT(AB$5:AB$48)=0,"",MIN(AD21+AE21,POINTS_CAP_B)) -> 40 | AJ21: =IF(COUNT(AH$5:AH$48)=0,"",IF(ISNUMBER(AH21),1+POINTS_CAP_B-AH21,0)) | AK21: =IF(COUNT(AH$5:AH$48)=0,"", IFERROR(CHOOSE($B21,HDCP_V_B1,HDCP_V_B2,HDCP_V_B3,HDCP_V_B4),0)) | AL21: =IF(COUNT(AH$5:AH$48)=0,"",MIN(AJ21+AK21,POINTS_CAP_B)) | AP21: =IF(COUNT(AN$5:AN$48)=0,"",IF(ISNUMBER(AN21),1+POINTS_CAP_B-AN21,0)) | AQ21: =IF(COUNT(AN$5:AN$48)=0,"", IFERROR(CHOOSE($B21,HDCP_V_B1,HDCP_V_B2,HDCP_V_B3,HDCP_V_B4),0)) | AR21: =IF(COUNT(AN$5:AN$48)=0,"",MIN(AP21+AQ21,POINTS_CAP_B)) | AT21: =IF(F21="","",SUM(F21,L21,R21,X21,AD21,AJ21,AP21)) -> 140 | AU21: =IF(H21="","",SUM(H21,N21,T21,Z21,AF21,AL21,AR21)) -> 178
A22: Russell Beard | B22: 2 | D22: 9 | E22: 0.026435185 | F22: =IF(COUNT(D$5:D$48)=0,"",IF(ISNUMBER(D22),1+POINTS_CAP_B-D22,0)) -> 32 | G22: =IF(COUNT(D$5:D$48)=0,"", IFERROR(CHOOSE($B22,HDCP_V_B1,HDCP_V_B2,HDCP_V_B3,HDCP_V_B4),0)) -> 8 | H22: =IF(COUNT(D$5:D$48)=0,"",MIN(F22+G22,POINTS_CAP_B)) -> 40 | J22: 9 | K22: 0.022291667 | L22: =IF(COUNT(J$5:J$48)=0,"",IF(ISNUMBER(J22),1+POINTS_CAP_B-J22,0)) -> 32 | M22: =IF(COUNT(J$5:J$48)=0,"", IFERROR(CHOOSE($B22,HDCP_V_B1,HDCP_V_B2,HDCP_V_B3,HDCP_V_B4),0)) -> 8 | N22: =IF(COUNT(J$5:J$48)=0,"",MIN(L22+M22,POINTS_CAP_B)) -> 40 | P22: 8 | Q22: 0.035960648 | R22: =IF(COUNT(P$5:P$48)=0,"",IF(ISNUMBER(P22),1+POINTS_CAP_B-P22,0)) -> 33 | S22: =IF(COUNT(P$5:P$48)=0,"", IFERROR(CHOOSE($B22,HDCP_V_B1,HDCP_V_B2,HDCP_V_B3,HDCP_V_B4),0)) -> 8 | T22: =IF(COUNT(P$5:P$48)=0,"",MIN(R22+S22,POINTS_CAP_B)) -> 40 | V22: 6 | W22: 0.023310185 | X22: =IF(COUNT(V$5:V$48)=0,"",IF(ISNUMBER(V22),1+POINTS_CAP_B-V22,0)) -> 35 | Y22: =IF(COUNT(V$5:V$48)=0,"", IFERROR(CHOOSE($B22,HDCP_V_B1,HDCP_V_B2,HDCP_V_B3,HDCP_V_B4),0)) -> 8 | Z22: =IF(COUNT(V$5:V$48)=0,"",MIN(X22+Y22,POINTS_CAP_B)) -> 40 | AB22: 9 | AC22: 0.050081019 | AD22: =IF(COUNT(AB$5:AB$48)=0,"",IF(ISNUMBER(AB22),1+POINTS_CAP_B-AB22,0)) -> 32 | AE22: =IF(COUNT(AB$5:AB$48)=0,"", IFERROR(CHOOSE($B22,HDCP_V_B1,HDCP_V_B2,HDCP_V_B3,HDCP_V_B4),0)) -> 8 | AF22: =IF(COUNT(AB$5:AB$48)=0,"",MIN(AD22+AE22,POINTS_CAP_B)) -> 40 | AJ22: =IF(COUNT(AH$5:AH$48)=0,"",IF(ISNUMBER(AH22),1+POINTS_CAP_B-AH22,0)) | AK22: =IF(COUNT(AH$5:AH$48)=0,"", IFERROR(CHOOSE($B22,HDCP_V_B1,HDCP_V_B2,HDCP_V_B3,HDCP_V_B4),0)) | AL22: =IF(COUNT(AH$5:AH$48)=0,"",MIN(AJ22+AK22,POINTS_CAP_B)) | AP22: =IF(COUNT(AN$5:AN$48)=0,"",IF(ISNUMBER(AN22),1+POINTS_CAP_B-AN22,0)) | AQ22: =IF(COUNT(AN$5:AN$48)=0,"", IFERROR(CHOOSE($B22,HDCP_V_B1,HDCP_V_B2,HDCP_V_B3,HDCP_V_B4),0)) | AR22: =IF(COUNT(AN$5:AN$48)=0,"",MIN(AP22+AQ22,POINTS_CAP_B)) | AT22: =IF(F22="","",SUM(F22,L22,R22,X22,AD22,AJ22,AP22)) -> 164 | AU22: =IF(H22="","",SUM(H22,N22,T22,Z22,AF22,AL22,AR22)) -> 200
A23: Jeremy Sharpe | B23: 2 | D23: 21 | E23: 0.027650463 | F23: =IF(COUNT(D$5:D$48)=0,"",IF(ISNUMBER(D23),1+POINTS_CAP_B-D23,0)) -> 20 | G23: =IF(COUNT(D$5:D$48)=0,"", IFERROR(CHOOSE($B23,HDCP_V_B1,HDCP_V_B2,HDCP_V_B3,HDCP_V_B4),0)) -> 8 | H23: =IF(COUNT(D$5:D$48)=0,"",MIN(F23+G23,POINTS_CAP_B)) -> 28 | J23: 13 | K23: 0.02255787 | L23: =IF(COUNT(J$5:J$48)=0,"",IF(ISNUMBER(J23),1+POINTS_CAP_B-J23,0)) -> 28 | M23: =IF(COUNT(J$5:J$48)=0,"", IFERROR(CHOOSE($B23,HDCP_V_B1,HDCP_V_B2,HDCP_V_B3,HDCP_V_B4),0)) -> 8 | N23: =IF(COUNT(J$5:J$48)=0,"",MIN(L23+M23,POINTS_CAP_B)) -> 36 | P23: 17 | Q23: 0.037638889 | R23: =IF(COUNT(P$5:P$48)=0,"",IF(ISNUMBER(P23),1+POINTS_CAP_B-P23,0)) -> 24 | S23: =IF(COUNT(P$5:P$48)=0,"", IFERROR(CHOOSE($B23,HDCP_V_B1,HDCP_V_B2,HDCP_V_B3,HDCP_V_B4),0)) -> 8 | T23: =IF(COUNT(P$5:P$48)=0,"",MIN(R23+S23,POINTS_CAP_B)) -> 32 | V23: 18 | W23: 0.02474537 | X23: =IF(COUNT(V$5:V$48)=0,"",IF(ISNUMBER(V23),1+POINTS_CAP_B-V23,0)) -> 23 | Y23: =IF(COUNT(V$5:V$48)=0,"", IFERROR(CHOOSE($B23,HDCP_V_B1,HDCP_V_B2,HDCP_V_B3,HDCP_V_B4),0)) -> 8 | Z23: =IF(COUNT(V$5:V$48)=0,"",MIN(X23+Y23,POINTS_CAP_B)) -> 31 | AB23: 13 | AC23: 0.052083333 | AD23: =IF(COUNT(AB$5:AB$48)=0,"",IF(ISNUMBER(AB23),1+POINTS_CAP_B-AB23,0)) -> 28 | AE23: =IF(COUNT(AB$5:AB$48)=0,"", IFERROR(CHOOSE($B23,HDCP_V_B1,HDCP_V_B2,HDCP_V_B3,HDCP_V_B4),0)) -> 8 | AF23: =IF(COUNT(AB$5:AB$48)=0,"",MIN(AD23+AE23,POINTS_CAP_B)) -> 36 | AJ23: =IF(COUNT(AH$5:AH$48)=0,"",IF(ISNUMBER(AH23),1+POINTS_CAP_B-AH23,0)) | AK23: =IF(COUNT(AH$5:AH$48)=0,"", IFERROR(CHOOSE($B23,HDCP_V_B1,HDCP_V_B2,HDCP_V_B3,HDCP_V_B4),0)) | AL23: =IF(COUNT(AH$5:AH$48)=0,"",MIN(AJ23+AK23,POINTS_CAP_B)) | AP23: =IF(COUNT(AN$5:AN$48)=0,"",IF(ISNUMBER(AN23),1+POINTS_CAP_B-AN23,0)) | AQ23: =IF(COUNT(AN$5:AN$48)=0,"", IFERROR(CHOOSE($B23,HDCP_V_B1,HDCP_V_B2,HDCP_V_B3,HDCP_V_B4),0)) | AR23: =IF(COUNT(AN$5:AN$48)=0,"",MIN(AP23+AQ23,POINTS_CAP_B)) | AT23: =IF(F23="","",SUM(F23,L23,R23,X23,AD23,AJ23,AP23)) -> 123 | AU23: =IF(H23="","",SUM(H23,N23,T23,Z23,AF23,AL23,AR23)) -> 163
A24: Nick Dumonde | B24: 2 | D24: 4 | E24: 0.025231481 | F24: =IF(COUNT(D$5:D$48)=0,"",IF(ISNUMBER(D24),1+POINTS_CAP_B-D24,0)) -> 37 | G24: =IF(COUNT(D$5:D$48)=0,"", IFERROR(CHOOSE($B24,HDCP_V_B1,HDCP_V_B2,HDCP_V_B3,HDCP_V_B4),0)) -> 8 | H24: =IF(COUNT(D$5:D$48)=0,"",MIN(F24+G24,POINTS_CAP_B)) -> 40 | J24: 39 | K24: 0.034143519 | L24: =IF(COUNT(J$5:J$48)=0,"",IF(ISNUMBER(J24),1+POINTS_CAP_B-J24,0)) -> 2 | M24: =IF(COUNT(J$5:J$48)=0,"", IFERROR(CHOOSE($B24,HDCP_V_B1,HDCP_V_B2,HDCP_V_B3,HDCP_V_B4),0)) -> 8 | N24: =IF(COUNT(J$5:J$48)=0,"",MIN(L24+M24,POINTS_CAP_B)) -> 10 | P24: 10 | Q24: 0.036145833 | R24: =IF(COUNT(P$5:P$48)=0,"",IF(ISNUMBER(P24),1+POINTS_CAP_B-P24,0)) -> 31 | S24: =IF(COUNT(P$5:P$48)=0,"", IFERROR(CHOOSE($B24,HDCP_V_B1,HDCP_V_B2,HDCP_V_B3,HDCP_V_B4),0)) -> 8 | T24: =IF(COUNT(P$5:P$48)=0,"",MIN(R24+S24,POINTS_CAP_B)) -> 39 | V24: 20 | W24: 0.024814815 | X24: =IF(COUNT(V$5:V$48)=0,"",IF(ISNUMBER(V24),1+POINTS_CAP_B-V24,0)) -> 21 | Y24: =IF(COUNT(V$5:V$48)=0,"", IFERROR(CHOOSE($B24,HDCP_V_B1,HDCP_V_B2,HDCP_V_B3,HDCP_V_B4),0)) -> 8 | Z24: =IF(COUNT(V$5:V$48)=0,"",MIN(X24+Y24,POINTS_CAP_B)) -> 29 | AB24: 11 | AC24: 0.050347222 | AD24: =IF(COUNT(AB$5:AB$48)=0,"",IF(ISNUMBER(AB24),1+POINTS_CAP_B-AB24,0)) -> 30 | AE24: =IF(COUNT(AB$5:AB$48)=0,"", IFERROR(CHOOSE($B24,HDCP_V_B1,HDCP_V_B2,HDCP_V_B3,HDCP_V_B4),0)) -> 8 | AF24: =IF(COUNT(AB$5:AB$48)=0,"",MIN(AD24+AE24,POINTS_CAP_B)) -> 38 | AJ24: =IF(COUNT(AH$5:AH$48)=0,"",IF(ISNUMBER(AH24),1+POINTS_CAP_B-AH24,0)) | AK24: =IF(COUNT(AH$5:AH$48)=0,"", IFERROR(CHOOSE($B24,HDCP_V_B1,HDCP_V_B2,HDCP_V_B3,HDCP_V_B4),0)) | AL24: =IF(COUNT(AH$5:AH$48)=0,"",MIN(AJ24+AK24,POINTS_CAP_B)) | AP24: =IF(COUNT(AN$5:AN$48)=0,"",IF(ISNUMBER(AN24),1+POINTS_CAP_B-AN24,0)) | AQ24: =IF(COUNT(AN$5:AN$48)=0,"", IFERROR(CHOOSE($B24,HDCP_V_B1,HDCP_V_B2,HDCP_V_B3,HDCP_V_B4),0)) | AR24: =IF(COUNT(AN$5:AN$48)=0,"",MIN(AP24+AQ24,POINTS_CAP_B)) | AT24: =IF(F24="","",SUM(F24,L24,R24,X24,AD24,AJ24,AP24)) -> 121 | AU24: =IF(H24="","",SUM(H24,N24,T24,Z24,AF24,AL24,AR24)) -> 156
A25: Hans Stiles | B25: 2 | D25: 18 | E25: 0.026898148 | F25: =IF(COUNT(D$5:D$48)=0,"",IF(ISNUMBER(D25),1+POINTS_CAP_B-D25,0)) -> 23 | G25: =IF(COUNT(D$5:D$48)=0,"", IFERROR(CHOOSE($B25,HDCP_V_B1,HDCP_V_B2,HDCP_V_B3,HDCP_V_B4),0)) -> 8 | H25: =IF(COUNT(D$5:D$48)=0,"",MIN(F25+G25,POINTS_CAP_B)) -> 31 | J25: 40 | K25: 0.034143519 | L25: =IF(COUNT(J$5:J$48)=0,"",IF(ISNUMBER(J25),1+POINTS_CAP_B-J25,0)) -> 1 | M25: =IF(COUNT(J$5:J$48)=0,"", IFERROR(CHOOSE($B25,HDCP_V_B1,HDCP_V_B2,HDCP_V_B3,HDCP_V_B4),0)) -> 8 | N25: =IF(COUNT(J$5:J$48)=0,"",MIN(L25+M25,POINTS_CAP_B)) -> 9 | P25: 39 | Q25: 0.062476852 | R25: =IF(COUNT(P$5:P$48)=0,"",IF(ISNUMBER(P25),1+POINTS_CAP_B-P25,0)) -> 2 | S25: =IF(COUNT(P$5:P$48)=0,"", IFERROR(CHOOSE($B25,HDCP_V_B1,HDCP_V_B2,HDCP_V_B3,HDCP_V_B4),0)) -> 8 | T25: =IF(COUNT(P$5:P$48)=0,"",MIN(R25+S25,POINTS_CAP_B)) -> 10 | V25: 39 | W25: 0.034953704 | X25: =IF(COUNT(V$5:V$48)=0,"",IF(ISNUMBER(V25),1+POINTS_CAP_B-V25,0)) -> 2 | Y25: =IF(COUNT(V$5:V$48)=0,"", IFERROR(CHOOSE($B25,HDCP_V_B1,HDCP_V_B2,HDCP_V_B3,HDCP_V_B4),0)) -> 8 | Z25: =IF(COUNT(V$5:V$48)=0,"",MIN(X25+Y25,POINTS_CAP_B)) -> 10 | AB25: 40 | AC25: 0.080509259 | AD25: =IF(COUNT(AB$5:AB$48)=0,"",IF(ISNUMBER(AB25),1+POINTS_CAP_B-AB25,0)) -> 1 | AE25: =IF(COUNT(AB$5:AB$48)=0,"", IFERROR(CHOOSE($B25,HDCP_V_B1,HDCP_V_B2,HDCP_V_B3,HDCP_V_B4),0)) -> 8 | AF25: =IF(COUNT(AB$5:AB$48)=0,"",MIN(AD25+AE25,POINTS_CAP_B)) -> 9 | AJ25: =IF(COUNT(AH$5:AH$48)=0,"",IF(ISNUMBER(AH25),1+POINTS_CAP_B-AH25,0)) | AK25: =IF(COUNT(AH$5:AH$48)=0,"", IFERROR(CHOOSE($B25,HDCP_V_B1,HDCP_V_B2,HDCP_V_B3,HDCP_V_B4),0)) | AL25: =IF(COUNT(AH$5:AH$48)=0,"",MIN(AJ25+AK25,POINTS_CAP_B)) | AP25: =IF(COUNT(AN$5:AN$48)=0,"",IF(ISNUMBER(AN25),1+POINTS_CAP_B-AN25,0)) | AQ25: =IF(COUNT(AN$5:AN$48)=0,"", IFERROR(CHOOSE($B25,HDCP_V_B1,HDCP_V_B2,HDCP_V_B3,HDCP_V_B4),0)) | AR25: =IF(COUNT(AN$5:AN$48)=0,"",MIN(AP25+AQ25,POINTS_CAP_B)) | AT25: =IF(F25="","",SUM(F25,L25,R25,X25,AD25,AJ25,AP25)) -> 29 | AU25: =IF(H25="","",SUM(H25,N25,T25,Z25,AF25,AL25,AR25)) -> 69
A26: Tom Bagley | B26: 3 | D26: 26 | E26: 0.028912037 | F26: =IF(COUNT(D$5:D$48)=0,"",IF(ISNUMBER(D26),1+POINTS_CAP_B-D26,0)) -> 15 | G26: =IF(COUNT(D$5:D$48)=0,"", IFERROR(CHOOSE($B26,HDCP_V_B1,HDCP_V_B2,HDCP_V_B3,HDCP_V_B4),0)) -> 16 | H26: =IF(COUNT(D$5:D$48)=0,"",MIN(F26+G26,POINTS_CAP_B)) -> 31 | J26: 25 | K26: 0.024849537 | L26: =IF(COUNT(J$5:J$48)=0,"",IF(ISNUMBER(J26),1+POINTS_CAP_B-J26,0)) -> 16 | M26: =IF(COUNT(J$5:J$48)=0,"", IFERROR(CHOOSE($B26,HDCP_V_B1,HDCP_V_B2,HDCP_V_B3,HDCP_V_B4),0)) -> 16 | N26: =IF(COUNT(J$5:J$48)=0,"",MIN(L26+M26,POINTS_CAP_B)) -> 32 | P26: 27 | Q26: 0.041076389 | R26: =IF(COUNT(P$5:P$48)=0,"",IF(ISNUMBER(P26),1+POINTS_CAP_B-P26,0)) -> 14 | S26: =IF(COUNT(P$5:P$48)=0,"", IFERROR(CHOOSE($B26,HDCP_V_B1,HDCP_V_B2,HDCP_V_B3,HDCP_V_B4),0)) -> 16 | T26: =IF(COUNT(P$5:P$48)=0,"",MIN(R26+S26,POINTS_CAP_B)) -> 30 | V26: 29 | W26: 0.026805556 | X26: =IF(COUNT(V$5:V$48)=0,"",IF(ISNUMBER(V26),1+POINTS_CAP_B-V26,0)) -> 12 | Y26: =IF(COUNT(V$5:V$48)=0,"", IFERROR(CHOOSE($B26,HDCP_V_B1,HDCP_V_B2,HDCP_V_B3,HDCP_V_B4),0)) -> 16 | Z26: =IF(COUNT(V$5:V$48)=0,"",MIN(X26+Y26,POINTS_CAP_B)) -> 28 | AB26: 23 | AC26: 0.05568287 | AD26: =IF(COUNT(AB$5:AB$48)=0,"",IF(ISNUMBER(AB26),1+POINTS_CAP_B-AB26,0)) -> 18 | AE26: =IF(COUNT(AB$5:AB$48)=0,"", IFERROR(CHOOSE($B26,HDCP_V_B1,HDCP_V_B2,HDCP_V_B3,HDCP_V_B4),0)) -> 16 | AF26: =IF(COUNT(AB$5:AB$48)=0,"",MIN(AD26+AE26,POINTS_CAP_B)) -> 34 | AJ26: =IF(COUNT(AH$5:AH$48)=0,"",IF(ISNUMBER(AH26),1+POINTS_CAP_B-AH26,0)) | AK26: =IF(COUNT(AH$5:AH$48)=0,"", IFERROR(CHOOSE($B26,HDCP_V_B1,HDCP_V_B2,HDCP_V_B3,HDCP_V_B4),0)) | AL26: =IF(COUNT(AH$5:AH$48)=0,"",MIN(AJ26+AK26,POINTS_CAP_B)) | AP26: =IF(COUNT(AN$5:AN$48)=0,"",IF(ISNUMBER(AN26),1+POINTS_CAP_B-AN26,0)) | AQ26: =IF(COUNT(AN$5:AN$48)=0,"", IFERROR(CHOOSE($B26,HDCP_V_B1,HDCP_V_B2,HDCP_V_B3,HDCP_V_B4),0)) | AR26: =IF(COUNT(AN$5:AN$48)=0,"",MIN(AP26+AQ26,POINTS_CAP_B)) | AT26: =IF(F26="","",SUM(F26,L26,R26,X26,AD26,AJ26,AP26)) -> 75 | AU26: =IF(H26="","",SUM(H26,N26,T26,Z26,AF26,AL26,AR26)) -> 155
A27: Luke Fenney | B27: 3 | D27: 22 | E27: 0.027974537 | F27: =IF(COUNT(D$5:D$48)=0,"",IF(ISNUMBER(D27),1+POINTS_CAP_B-D27,0)) -> 19 | G27: =IF(COUNT(D$5:D$48)=0,"", IFERROR(CHOOSE($B27,HDCP_V_B1,HDCP_V_B2,HDCP_V_B3,HDCP_V_B4),0)) -> 16 | H27: =IF(COUNT(D$5:D$48)=0,"",MIN(F27+G27,POINTS_CAP_B)) -> 35 | J27: 22 | K27: 0.023935185 | L27: =IF(COUNT(J$5:J$48)=0,"",IF(ISNUMBER(J27),1+POINTS_CAP_B-J27,0)) -> 19 | M27: =IF(COUNT(J$5:J$48)=0,"", IFERROR(CHOOSE($B27,HDCP_V_B1,HDCP_V_B2,HDCP_V_B3,HDCP_V_B4),0)) -> 16 | N27: =IF(COUNT(J$5:J$48)=0,"",MIN(L27+M27,POINTS_CAP_B)) -> 35 | P27: 24 | Q27: 0.039664352 | R27: =IF(COUNT(P$5:P$48)=0,"",IF(ISNUMBER(P27),1+POINTS_CAP_B-P27,0)) -> 17 | S27: =IF(COUNT(P$5:P$48)=0,"", IFERROR(CHOOSE($B27,HDCP_V_B1,HDCP_V_B2,HDCP_V_B3,HDCP_V_B4),0)) -> 16 | T27: =IF(COUNT(P$5:P$48)=0,"",MIN(R27+S27,POINTS_CAP_B)) -> 33 | V27: 17 | W27: 0.024710648 | X27: =IF(COUNT(V$5:V$48)=0,"",IF(ISNUMBER(V27),1+POINTS_CAP_B-V27,0)) -> 24 | Y27: =IF(COUNT(V$5:V$48)=0,"", IFERROR(CHOOSE($B27,HDCP_V_B1,HDCP_V_B2,HDCP_V_B3,HDCP_V_B4),0)) -> 16 | Z27: =IF(COUNT(V$5:V$48)=0,"",MIN(X27+Y27,POINTS_CAP_B)) -> 40 | AB27: 18 | AC27: 0.054016204 | AD27: =IF(COUNT(AB$5:AB$48)=0,"",IF(ISNUMBER(AB27),1+POINTS_CAP_B-AB27,0)) -> 23 | AE27: =IF(COUNT(AB$5:AB$48)=0,"", IFERROR(CHOOSE($B27,HDCP_V_B1,HDCP_V_B2,HDCP_V_B3,HDCP_V_B4),0)) -> 16 | AF27: =IF(COUNT(AB$5:AB$48)=0,"",MIN(AD27+AE27,POINTS_CAP_B)) -> 39 | AJ27: =IF(COUNT(AH$5:AH$48)=0,"",IF(ISNUMBER(AH27),1+POINTS_CAP_B-AH27,0)) | AK27: =IF(COUNT(AH$5:AH$48)=0,"", IFERROR(CHOOSE($B27,HDCP_V_B1,HDCP_V_B2,HDCP_V_B3,HDCP_V_B4),0)) | AL27: =IF(COUNT(AH$5:AH$48)=0,"",MIN(AJ27+AK27,POINTS_CAP_B)) | AP27: =IF(COUNT(AN$5:AN$48)=0,"",IF(ISNUMBER(AN27),1+POINTS_CAP_B-AN27,0)) | AQ27: =IF(COUNT(AN$5:AN$48)=0,"", IFERROR(CHOOSE($B27,HDCP_V_B1,HDCP_V_B2,HDCP_V_B3,HDCP_V_B4),0)) | AR27: =IF(COUNT(AN$5:AN$48)=0,"",MIN(AP27+AQ27,POINTS_CAP_B)) | AT27: =IF(F27="","",SUM(F27,L27,R27,X27,AD27,AJ27,AP27)) -> 102 | AU27: =IF(H27="","",SUM(H27,N27,T27,Z27,AF27,AL27,AR27)) -> 182
A28: Mark Stancombe | B28: 3 | D28: 32 | E28: 0.031527778 | F28: =IF(COUNT(D$5:D$48)=0,"",IF(ISNUMBER(D28),1+POINTS_CAP_B-D28,0)) -> 9 | G28: =IF(COUNT(D$5:D$48)=0,"", IFERROR(CHOOSE($B28,HDCP_V_B1,HDCP_V_B2,HDCP_V_B3,HDCP_V_B4),0)) -> 16 | H28: =IF(COUNT(D$5:D$48)=0,"",MIN(F28+G28,POINTS_CAP_B)) -> 25 | J28: 31 | K28: 0.026053241 | L28: =IF(COUNT(J$5:J$48)=0,"",IF(ISNUMBER(J28),1+POINTS_CAP_B-J28,0)) -> 10 | M28: =IF(COUNT(J$5:J$48)=0,"", IFERROR(CHOOSE($B28,HDCP_V_B1,HDCP_V_B2,HDCP_V_B3,HDCP_V_B4),0)) -> 16 | N28: =IF(COUNT(J$5:J$48)=0,"",MIN(L28+M28,POINTS_CAP_B)) -> 26 | P28: 38 | Q28: 0.062476852 | R28: =IF(COUNT(P$5:P$48)=0,"",IF(ISNUMBER(P28),1+POINTS_CAP_B-P28,0)) -> 3 | S28: =IF(COUNT(P$5:P$48)=0,"", IFERROR(CHOOSE($B28,HDCP_V_B1,HDCP_V_B2,HDCP_V_B3,HDCP_V_B4),0)) -> 16 | T28: =IF(COUNT(P$5:P$48)=0,"",MIN(R28+S28,POINTS_CAP_B)) -> 19 | V28: 38 | W28: 0.034953704 | X28: =IF(COUNT(V$5:V$48)=0,"",IF(ISNUMBER(V29),1+POINTS_CAP_B-V29,0)) -> 15 | Y28: =IF(COUNT(V$5:V$48)=0,"", IFERROR(CHOOSE($B28,HDCP_V_B1,HDCP_V_B2,HDCP_V_B3,HDCP_V_B4),0)) -> 16 | Z28: =IF(COUNT(V$5:V$48)=0,"",MIN(X28+Y28,POINTS_CAP_B)) -> 31 | AB28: 39 | AC28: 0.080509259 | AD28: =IF(COUNT(AB$5:AB$48)=0,"",IF(ISNUMBER(AB28),1+POINTS_CAP_B-AB28,0)) -> 2 | AE28: =IF(COUNT(AB$5:AB$48)=0,"", IFERROR(CHOOSE($B28,HDCP_V_B1,HDCP_V_B2,HDCP_V_B3,HDCP_V_B4),0)) -> 16 | AF28: =IF(COUNT(AB$5:AB$48)=0,"",MIN(AD28+AE28,POINTS_CAP_B)) -> 18 | AJ28: =IF(COUNT(AH$5:AH$48)=0,"",IF(ISNUMBER(AH28),1+POINTS_CAP_B-AH28,0)) | AK28: =IF(COUNT(AH$5:AH$48)=0,"", IFERROR(CHOOSE($B28,HDCP_V_B1,HDCP_V_B2,HDCP_V_B3,HDCP_V_B4),0)) | AL28: =IF(COUNT(AH$5:AH$48)=0,"",MIN(AJ28+AK28,POINTS_CAP_B)) | AP28: =IF(COUNT(AN$5:AN$48)=0,"",IF(ISNUMBER(AN28),1+POINTS_CAP_B-AN28,0)) | AQ28: =IF(COUNT(AN$5:AN$48)=0,"", IFERROR(CHOOSE($B28,HDCP_V_B1,HDCP_V_B2,HDCP_V_B3,HDCP_V_B4),0)) | AR28: =IF(COUNT(AN$5:AN$48)=0,"",MIN(AP28+AQ28,POINTS_CAP_B)) | AT28: =IF(F28="","",SUM(F28,L28,R28,X28,AD28,AJ28,AP28)) -> 39 | AU28: =IF(H28="","",SUM(H28,N28,T28,Z28,AF28,AL28,AR28)) -> 119
A29: Harvey Jackson | B29: 3 | D29: 27 | E29: 0.029039352 | F29: =IF(COUNT(D$5:D$48)=0,"",IF(ISNUMBER(D29),1+POINTS_CAP_B-D29,0)) -> 14 | G29: =IF(COUNT(D$5:D$48)=0,"", IFERROR(CHOOSE($B29,HDCP_V_B1,HDCP_V_B2,HDCP_V_B3,HDCP_V_B4),0)) -> 16 | H29: =IF(COUNT(D$5:D$48)=0,"",MIN(F29+G29,POINTS_CAP_B)) -> 30 | J29: 30 | K29: 0.025532407 | L29: =IF(COUNT(J$5:J$48)=0,"",IF(ISNUMBER(J29),1+POINTS_CAP_B-J29,0)) -> 11 | M29: =IF(COUNT(J$5:J$48)=0,"", IFERROR(CHOOSE($B29,HDCP_V_B1,HDCP_V_B2,HDCP_V_B3,HDCP_V_B4),0)) -> 16 | N29: =IF(COUNT(J$5:J$48)=0,"",MIN(L29+M29,POINTS_CAP_B)) -> 27 | P29: 30 | Q29: 0.043344907 | R29: =IF(COUNT(P$5:P$48)=0,"",IF(ISNUMBER(P29),1+POINTS_CAP_B-P29,0)) -> 11 | S29: =IF(COUNT(P$5:P$48)=0,"", IFERROR(CHOOSE($B29,HDCP_V_B1,HDCP_V_B2,HDCP_V_B3,HDCP_V_B4),0)) -> 16 | T29: =IF(COUNT(P$5:P$48)=0,"",MIN(R29+S29,POINTS_CAP_B)) -> 27 | V29: 26 | W29: 0.02619213 | X29: =IF(COUNT(V$5:V$48)=0,"",IF(ISNUMBER(#REF!),1+POINTS_CAP_B-#REF!,0)) -> 0 | Y29: =IF(COUNT(V$5:V$48)=0,"", IFERROR(CHOOSE($B29,HDCP_V_B1,HDCP_V_B2,HDCP_V_B3,HDCP_V_B4),0)) -> 16 | Z29: =IF(COUNT(V$5:V$48)=0,"",MIN(X29+Y29,POINTS_CAP_B)) -> 16 | AB29: 30 | AC29: 0.060740741 | AD29: =IF(COUNT(AB$5:AB$48)=0,"",IF(ISNUMBER(AB29),1+POINTS_CAP_B-AB29,0)) -> 11 | AE29: =IF(COUNT(AB$5:AB$48)=0,"", IFERROR(CHOOSE($B29,HDCP_V_B1,HDCP_V_B2,HDCP_V_B3,HDCP_V_B4),0)) -> 16 | AF29: =IF(COUNT(AB$5:AB$48)=0,"",MIN(AD29+AE29,POINTS_CAP_B)) -> 27 | AJ29: =IF(COUNT(AH$5:AH$48)=0,"",IF(ISNUMBER(AH29),1+POINTS_CAP_B-AH29,0)) | AK29: =IF(COUNT(AH$5:AH$48)=0,"", IFERROR(CHOOSE($B29,HDCP_V_B1,HDCP_V_B2,HDCP_V_B3,HDCP_V_B4),0)) | AL29: =IF(COUNT(AH$5:AH$48)=0,"",MIN(AJ29+AK29,POINTS_CAP_B)) | AP29: =IF(COUNT(AN$5:AN$48)=0,"",IF(ISNUMBER(AN29),1+POINTS_CAP_B-AN29,0)) | AQ29: =IF(COUNT(AN$5:AN$48)=0,"", IFERROR(CHOOSE($B29,HDCP_V_B1,HDCP_V_B2,HDCP_V_B3,HDCP_V_B4),0)) | AR29: =IF(COUNT(AN$5:AN$48)=0,"",MIN(AP29+AQ29,POINTS_CAP_B)) | AT29: =IF(F29="","",SUM(F29,L29,R29,X29,AD29,AJ29,AP29)) -> 47 | AU29: =IF(H29="","",SUM(H29,N29,T29,Z29,AF29,AL29,AR29)) -> 127
A30: Matt Wynn | B30: 3 | D30: 31 | E30: 0.030601852 | F30: =IF(COUNT(D$5:D$48)=0,"",IF(ISNUMBER(D30),1+POINTS_CAP_B-D30,0)) -> 10 | G30: =IF(COUNT(D$5:D$48)=0,"", IFERROR(CHOOSE($B30,HDCP_V_B1,HDCP_V_B2,HDCP_V_B3,HDCP_V_B4),0)) -> 16 | H30: =IF(COUNT(D$5:D$48)=0,"",MIN(F30+G30,POINTS_CAP_B)) -> 26 | J30: 24 | K30: 0.024363426 | L30: =IF(COUNT(J$5:J$48)=0,"",IF(ISNUMBER(J30),1+POINTS_CAP_B-J30,0)) -> 17 | M30: =IF(COUNT(J$5:J$48)=0,"", IFERROR(CHOOSE($B30,HDCP_V_B1,HDCP_V_B2,HDCP_V_B3,HDCP_V_B4),0)) -> 16 | N30: =IF(COUNT(J$5:J$48)=0,"",MIN(L30+M30,POINTS_CAP_B)) -> 33 | P30: 26 | Q30: 0.040081019 | R30: =IF(COUNT(P$5:P$48)=0,"",IF(ISNUMBER(P30),1+POINTS_CAP_B-P30,0)) -> 15 | S30: =IF(COUNT(P$5:P$48)=0,"", IFERROR(CHOOSE($B30,HDCP_V_B1,HDCP_V_B2,HDCP_V_B3,HDCP_V_B4),0)) -> 16 | T30: =IF(COUNT(P$5:P$48)=0,"",MIN(R30+S30,POINTS_CAP_B)) -> 31 | V30: 30 | W30: 0.026898148 | X30: =IF(COUNT(V$5:V$48)=0,"",IF(ISNUMBER(V30),1+POINTS_CAP_B-V30,0)) -> 11 | Y30: =IF(COUNT(V$5:V$48)=0,"", IFERROR(CHOOSE($B30,HDCP_V_B1,HDCP_V_B2,HDCP_V_B3,HDCP_V_B4),0)) -> 16 | Z30: =IF(COUNT(V$5:V$48)=0,"",MIN(X30+Y30,POINTS_CAP_B)) -> 27 | AB30: 25 | AC30: 0.057708333 | AD30: =IF(COUNT(AB$5:AB$48)=0,"",IF(ISNUMBER(AB30),1+POINTS_CAP_B-AB30,0)) -> 16 | AE30: =IF(COUNT(AB$5:AB$48)=0,"", IFERROR(CHOOSE($B30,HDCP_V_B1,HDCP_V_B2,HDCP_V_B3,HDCP_V_B4),0)) -> 16 | AF30: =IF(COUNT(AB$5:AB$48)=0,"",MIN(AD30+AE30,POINTS_CAP_B)) -> 32 | AJ30: =IF(COUNT(AH$5:AH$48)=0,"",IF(ISNUMBER(AH30),1+POINTS_CAP_B-AH30,0)) | AK30: =IF(COUNT(AH$5:AH$48)=0,"", IFERROR(CHOOSE($B30,HDCP_V_B1,HDCP_V_B2,HDCP_V_B3,HDCP_V_B4),0)) | AL30: =IF(COUNT(AH$5:AH$48)=0,"",MIN(AJ30+AK30,POINTS_CAP_B)) | AP30: =IF(COUNT(AN$5:AN$48)=0,"",IF(ISNUMBER(AN30),1+POINTS_CAP_B-AN30,0)) | AQ30: =IF(COUNT(AN$5:AN$48)=0,"", IFERROR(CHOOSE($B30,HDCP_V_B1,HDCP_V_B2,HDCP_V_B3,HDCP_V_B4),0)) | AR30: =IF(COUNT(AN$5:AN$48)=0,"",MIN(AP30+AQ30,POINTS_CAP_B)) | AT30: =IF(F30="","",SUM(F30,L30,R30,X30,AD30,AJ30,AP30)) -> 69 | AU30: =IF(H30="","",SUM(H30,N30,T30,Z30,AF30,AL30,AR30)) -> 149
A31: Martyn Hopping | B31: 3 | D31: 24 | E31: 0.028472222 | F31: =IF(COUNT(D$5:D$48)=0,"",IF(ISNUMBER(D31),1+POINTS_CAP_B-D31,0)) -> 17 | G31: =IF(COUNT(D$5:D$48)=0,"", IFERROR(CHOOSE($B31,HDCP_V_B1,HDCP_V_B2,HDCP_V_B3,HDCP_V_B4),0)) -> 16 | H31: =IF(COUNT(D$5:D$48)=0,"",MIN(F31+G31,POINTS_CAP_B)) -> 33 | J31: 19 | K31: 0.023310185 | L31: =IF(COUNT(J$5:J$48)=0,"",IF(ISNUMBER(J31),1+POINTS_CAP_B-J31,0)) -> 22 | M31: =IF(COUNT(J$5:J$48)=0,"", IFERROR(CHOOSE($B31,HDCP_V_B1,HDCP_V_B2,HDCP_V_B3,HDCP_V_B4),0)) -> 16 | N31: =IF(COUNT(J$5:J$48)=0,"",MIN(L31+M31,POINTS_CAP_B)) -> 38 | P31: 22 | Q31: 0.038958333 | R31: =IF(COUNT(P$5:P$48)=0,"",IF(ISNUMBER(P31),1+POINTS_CAP_B-P31,0)) -> 19 | S31: =IF(COUNT(P$5:P$48)=0,"", IFERROR(CHOOSE($B31,HDCP_V_B1,HDCP_V_B2,HDCP_V_B3,HDCP_V_B4),0)) -> 16 | T31: =IF(COUNT(P$5:P$48)=0,"",MIN(R31+S31,POINTS_CAP_B)) -> 35 | V31: 22 | W31: 0.025763889 | X31: =IF(COUNT(V$5:V$48)=0,"",IF(ISNUMBER(V31),1+POINTS_CAP_B-V31,0)) -> 19 | Y31: =IF(COUNT(V$5:V$48)=0,"", IFERROR(CHOOSE($B31,HDCP_V_B1,HDCP_V_B2,HDCP_V_B3,HDCP_V_B4),0)) -> 16 | Z31: =IF(COUNT(V$5:V$48)=0,"",MIN(X31+Y31,POINTS_CAP_B)) -> 35 | AB31: 38 | AC31: 0.080509259 | AD31: =IF(COUNT(AB$5:AB$48)=0,"",IF(ISNUMBER(AB31),1+POINTS_CAP_B-AB31,0)) -> 3 | AE31: =IF(COUNT(AB$5:AB$48)=0,"", IFERROR(CHOOSE($B31,HDCP_V_B1,HDCP_V_B2,HDCP_V_B3,HDCP_V_B4),0)) -> 16 | AF31: =IF(COUNT(AB$5:AB$48)=0,"",MIN(AD31+AE31,POINTS_CAP_B)) -> 19 | AJ31: =IF(COUNT(AH$5:AH$48)=0,"",IF(ISNUMBER(AH31),1+POINTS_CAP_B-AH31,0)) | AK31: =IF(COUNT(AH$5:AH$48)=0,"", IFERROR(CHOOSE($B31,HDCP_V_B1,HDCP_V_B2,HDCP_V_B3,HDCP_V_B4),0)) | AL31: =IF(COUNT(AH$5:AH$48)=0,"",MIN(AJ31+AK31,POINTS_CAP_B)) | AP31: =IF(COUNT(AN$5:AN$48)=0,"",IF(ISNUMBER(AN31),1+POINTS_CAP_B-AN31,0)) | AQ31: =IF(COUNT(AN$5:AN$48)=0,"", IFERROR(CHOOSE($B31,HDCP_V_B1,HDCP_V_B2,HDCP_V_B3,HDCP_V_B4),0)) | AR31: =IF(COUNT(AN$5:AN$48)=0,"",MIN(AP31+AQ31,POINTS_CAP_B)) | AT31: =IF(F31="","",SUM(F31,L31,R31,X31,AD31,AJ31,AP31)) -> 80 | AU31: =IF(H31="","",SUM(H31,N31,T31,Z31,AF31,AL31,AR31)) -> 160
A32: Funking Baxter | B32: 4 | D32: 36 | E32: 0.036006944 | F32: =IF(COUNT(D$5:D$48)=0,"",IF(ISNUMBER(D32),1+POINTS_CAP_B-D32,0)) -> 5 | G32: =IF(COUNT(D$5:D$48)=0,"", IFERROR(CHOOSE($B32,HDCP_V_B1,HDCP_V_B2,HDCP_V_B3,HDCP_V_B4),0)) -> 22 | H32: =IF(COUNT(D$5:D$48)=0,"",MIN(F32+G32,POINTS_CAP_B)) -> 27 | J32: 37 | K32: 0.032060185 | L32: =IF(COUNT(J$5:J$48)=0,"",IF(ISNUMBER(J32),1+POINTS_CAP_B-J32,0)) -> 4 | M32: =IF(COUNT(J$5:J$48)=0,"", IFERROR(CHOOSE($B32,HDCP_V_B1,HDCP_V_B2,HDCP_V_B3,HDCP_V_B4),0)) -> 22 | N32: =IF(COUNT(J$5:J$48)=0,"",MIN(L32+M32,POINTS_CAP_B)) -> 26 | P32: 35 | Q32: 0.060393519 | R32: =IF(COUNT(P$5:P$48)=0,"",IF(ISNUMBER(P32),1+POINTS_CAP_B-P32,0)) -> 6 | S32: =IF(COUNT(P$5:P$48)=0,"", IFERROR(CHOOSE($B32,HDCP_V_B1,HDCP_V_B2,HDCP_V_B3,HDCP_V_B4),0)) -> 22 | T32: =IF(COUNT(P$5:P$48)=0,"",MIN(R32+S32,POINTS_CAP_B)) -> 28 | V32: 35 | W32: 0.031631944 | X32: =IF(COUNT(V$5:V$48)=0,"",IF(ISNUMBER(V32),1+POINTS_CAP_B-V32,0)) -> 6 | Y32: =IF(COUNT(V$5:V$48)=0,"", IFERROR(CHOOSE($B32,HDCP_V_B1,HDCP_V_B2,HDCP_V_B3,HDCP_V_B4),0)) -> 22 | Z32: =IF(COUNT(V$5:V$48)=0,"",MIN(X32+Y32,POINTS_CAP_B)) -> 28 | AB32: 34 | AC32: 0.078425926 | AD32: =IF(COUNT(AB$5:AB$48)=0,"",IF(ISNUMBER(AB32),1+POINTS_CAP_B-AB32,0)) -> 7 | AE32: =IF(COUNT(AB$5:AB$48)=0,"", IFERROR(CHOOSE($B32,HDCP_V_B1,HDCP_V_B2,HDCP_V_B3,HDCP_V_B4),0)) -> 22 | AF32: =IF(COUNT(AB$5:AB$48)=0,"",MIN(AD32+AE32,POINTS_CAP_B)) -> 29 | AJ32: =IF(COUNT(AH$5:AH$48)=0,"",IF(ISNUMBER(AH32),1+POINTS_CAP_B-AH32,0)) | AK32: =IF(COUNT(AH$5:AH$48)=0,"", IFERROR(CHOOSE($B32,HDCP_V_B1,HDCP_V_B2,HDCP_V_B3,HDCP_V_B4),0)) | AL32: =IF(COUNT(AH$5:AH$48)=0,"",MIN(AJ32+AK32,POINTS_CAP_B)) | AP32: =IF(COUNT(AN$5:AN$48)=0,"",IF(ISNUMBER(AN32),1+POINTS_CAP_B-AN32,0)) | AQ32: =IF(COUNT(AN$5:AN$48)=0,"", IFERROR(CHOOSE($B32,HDCP_V_B1,HDCP_V_B2,HDCP_V_B3,HDCP_V_B4),0)) | AR32: =IF(COUNT(AN$5:AN$48)=0,"",MIN(AP32+AQ32,POINTS_CAP_B)) | AT32: =IF(F32="","",SUM(F32,L32,R32,X32,AD32,AJ32,AP32)) -> 28 | AU32: =IF(H32="","",SUM(H32,N32,T32,Z32,AF32,AL32,AR32)) -> 138
A33: Peter King | B33: 4 | D33: 33 | E33: 0.032476852 | F33: =IF(COUNT(D$5:D$48)=0,"",IF(ISNUMBER(D33),1+POINTS_CAP_B-D33,0)) -> 8 | G33: =IF(COUNT(D$5:D$48)=0,"", IFERROR(CHOOSE($B33,HDCP_V_B1,HDCP_V_B2,HDCP_V_B3,HDCP_V_B4),0)) -> 22 | H33: =IF(COUNT(D$5:D$48)=0,"",MIN(F33+G33,POINTS_CAP_B)) -> 30 | J33: 36 | K33: 0.028680556 | L33: =IF(COUNT(J$5:J$48)=0,"",IF(ISNUMBER(J33),1+POINTS_CAP_B-J33,0)) -> 5 | M33: =IF(COUNT(J$5:J$48)=0,"", IFERROR(CHOOSE($B33,HDCP_V_B1,HDCP_V_B2,HDCP_V_B3,HDCP_V_B4),0)) -> 22 | N33: =IF(COUNT(J$5:J$48)=0,"",MIN(L33+M33,POINTS_CAP_B)) -> 27 | P33: 34 | Q33: 0.051770833 | R33: =IF(COUNT(P$5:P$48)=0,"",IF(ISNUMBER(P33),1+POINTS_CAP_B-P33,0)) -> 7 | S33: =IF(COUNT(P$5:P$48)=0,"", IFERROR(CHOOSE($B33,HDCP_V_B1,HDCP_V_B2,HDCP_V_B3,HDCP_V_B4),0)) -> 22 | T33: =IF(COUNT(P$5:P$48)=0,"",MIN(R33+S33,POINTS_CAP_B)) -> 29 | V33: 36 | W33: 0.03287037 | X33: =IF(COUNT(V$5:V$48)=0,"",IF(ISNUMBER(V33),1+POINTS_CAP_B-V33,0)) -> 5 | Y33: =IF(COUNT(V$5:V$48)=0,"", IFERROR(CHOOSE($B33,HDCP_V_B1,HDCP_V_B2,HDCP_V_B3,HDCP_V_B4),0)) -> 22 | Z33: =IF(COUNT(V$5:V$48)=0,"",MIN(X33+Y33,POINTS_CAP_B)) -> 27 | AB33: 32 | AC33: 01:32:$4 | AD33: =IF(COUNT(AB$5:AB$48)=0,"",IF(ISNUMBER(AB33),1+POINTS_CAP_B-AB33,0)) -> 9 | AE33: =IF(COUNT(AB$5:AB$48)=0,"", IFERROR(CHOOSE($B33,HDCP_V_B1,HDCP_V_B2,HDCP_V_B3,HDCP_V_B4),0)) -> 22 | AF33: =IF(COUNT(AB$5:AB$48)=0,"",MIN(AD33+AE33,POINTS_CAP_B)) -> 31 | AJ33: =IF(COUNT(AH$5:AH$48)=0,"",IF(ISNUMBER(AH33),1+POINTS_CAP_B-AH33,0)) | AK33: =IF(COUNT(AH$5:AH$48)=0,"", IFERROR(CHOOSE($B33,HDCP_V_B1,HDCP_V_B2,HDCP_V_B3,HDCP_V_B4),0)) | AL33: =IF(COUNT(AH$5:AH$48)=0,"",MIN(AJ33+AK33,POINTS_CAP_B)) | AP33: =IF(COUNT(AN$5:AN$48)=0,"",IF(ISNUMBER(AN33),1+POINTS_CAP_B-AN33,0)) | AQ33: =IF(COUNT(AN$5:AN$48)=0,"", IFERROR(CHOOSE($B33,HDCP_V_B1,HDCP_V_B2,HDCP_V_B3,HDCP_V_B4),0)) | AR33: =IF(COUNT(AN$5:AN$48)=0,"",MIN(AP33+AQ33,POINTS_CAP_B)) | AT33: =IF(F33="","",SUM(F33,L33,R33,X33,AD33,AJ33,AP33)) -> 34 | AU33: =IF(H33="","",SUM(H33,N33,T33,Z33,AF33,AL33,AR33)) -> 144
A34: Phoebe Macwhinnie | B34: 4 | D34: 35 | E34: 0.033101852 | F34: =IF(COUNT(D$5:D$48)=0,"",IF(ISNUMBER(D34),1+POINTS_CAP_B-D34,0)) -> 6 | G34: =IF(COUNT(D$5:D$48)=0,"", IFERROR(CHOOSE($B34,HDCP_V_B1,HDCP_V_B2,HDCP_V_B3,HDCP_V_B4),0)) -> 22 | H34: =IF(COUNT(D$5:D$48)=0,"",MIN(F34+G34,POINTS_CAP_B)) -> 28 | J34: 33 | K34: 0.026168981 | L34: =IF(COUNT(J$5:J$48)=0,"",IF(ISNUMBER(J34),1+POINTS_CAP_B-J34,0)) -> 8 | M34: =IF(COUNT(J$5:J$48)=0,"", IFERROR(CHOOSE($B34,HDCP_V_B1,HDCP_V_B2,HDCP_V_B3,HDCP_V_B4),0)) -> 22 | N34: =IF(COUNT(J$5:J$48)=0,"",MIN(L34+M34,POINTS_CAP_B)) -> 30 | P34: 31 | Q34: 0.043668981 | R34: =IF(COUNT(P$5:P$48)=0,"",IF(ISNUMBER(P34),1+POINTS_CAP_B-P34,0)) -> 10 | S34: =IF(COUNT(P$5:P$48)=0,"", IFERROR(CHOOSE($B34,HDCP_V_B1,HDCP_V_B2,HDCP_V_B3,HDCP_V_B4),0)) -> 22 | T34: =IF(COUNT(P$5:P$48)=0,"",MIN(R34+S34,POINTS_CAP_B)) -> 32 | V34: 32 | W34: 0.027002315 | X34: =IF(COUNT(V$5:V$48)=0,"",IF(ISNUMBER(V34),1+POINTS_CAP_B-V34,0)) -> 9 | Y34: =IF(COUNT(V$5:V$48)=0,"", IFERROR(CHOOSE($B34,HDCP_V_B1,HDCP_V_B2,HDCP_V_B3,HDCP_V_B4),0)) -> 22 | Z34: =IF(COUNT(V$5:V$48)=0,"",MIN(X34+Y34,POINTS_CAP_B)) -> 31 | AB34: 29 | AC34: 0.060428241 | AD34: =IF(COUNT(AB$5:AB$48)=0,"",IF(ISNUMBER(AB34),1+POINTS_CAP_B-AB34,0)) -> 12 | AE34: =IF(COUNT(AB$5:AB$48)=0,"", IFERROR(CHOOSE($B34,HDCP_V_B1,HDCP_V_B2,HDCP_V_B3,HDCP_V_B4),0)) -> 22 | AF34: =IF(COUNT(AB$5:AB$48)=0,"",MIN(AD34+AE34,POINTS_CAP_B)) -> 34 | AJ34: =IF(COUNT(AH$5:AH$48)=0,"",IF(ISNUMBER(AH34),1+POINTS_CAP_B-AH34,0)) | AK34: =IF(COUNT(AH$5:AH$48)=0,"", IFERROR(CHOOSE($B34,HDCP_V_B1,HDCP_V_B2,HDCP_V_B3,HDCP_V_B4),0)) | AL34: =IF(COUNT(AH$5:AH$48)=0,"",MIN(AJ34+AK34,POINTS_CAP_B)) | AP34: =IF(COUNT(AN$5:AN$48)=0,"",IF(ISNUMBER(AN34),1+POINTS_CAP_B-AN34,0)) | AQ34: =IF(COUNT(AN$5:AN$48)=0,"", IFERROR(CHOOSE($B34,HDCP_V_B1,HDCP_V_B2,HDCP_V_B3,HDCP_V_B4),0)) | AR34: =IF(COUNT(AN$5:AN$48)=0,"",MIN(AP34+AQ34,POINTS_CAP_B)) | AT34: =IF(F34="","",SUM(F34,L34,R34,X34,AD34,AJ34,AP34)) -> 45 | AU34: =IF(H34="","",SUM(H34,N34,T34,Z34,AF34,AL34,AR34)) -> 155
A35: Alexandra Chuchu | B35: 4 | D35: 28 | E35: 0.029456019 | F35: =IF(COUNT(D$5:D$48)=0,"",IF(ISNUMBER(D35),1+POINTS_CAP_B-D35,0)) -> 13 | G35: =IF(COUNT(D$5:D$48)=0,"", IFERROR(CHOOSE($B35,HDCP_V_B1,HDCP_V_B2,HDCP_V_B3,HDCP_V_B4),0)) -> 22 | H35: =IF(COUNT(D$5:D$48)=0,"",MIN(F35+G35,POINTS_CAP_B)) -> 35 | J35: 32 | K35: 0.026111111 | L35: =IF(COUNT(J$5:J$48)=0,"",IF(ISNUMBER(J35),1+POINTS_CAP_B-J35,0)) -> 9 | M35: =IF(COUNT(J$5:J$48)=0,"", IFERROR(CHOOSE($B35,HDCP_V_B1,HDCP_V_B2,HDCP_V_B3,HDCP_V_B4),0)) -> 22 | N35: =IF(COUNT(J$5:J$48)=0,"",MIN(L35+M35,POINTS_CAP_B)) -> 31 | P35: 32 | Q35: 0.044270833 | R35: =IF(COUNT(P$5:P$48)=0,"",IF(ISNUMBER(P35),1+POINTS_CAP_B-P35,0)) -> 9 | S35: =IF(COUNT(P$5:P$48)=0,"", IFERROR(CHOOSE($B35,HDCP_V_B1,HDCP_V_B2,HDCP_V_B3,HDCP_V_B4),0)) -> 22 | T35: =IF(COUNT(P$5:P$48)=0,"",MIN(R35+S35,POINTS_CAP_B)) -> 31 | V35: 33 | W35: 0.027488426 | X35: =IF(COUNT(V$5:V$48)=0,"",IF(ISNUMBER(V35),1+POINTS_CAP_B-V35,0)) -> 8 | Y35: =IF(COUNT(V$5:V$48)=0,"", IFERROR(CHOOSE($B35,HDCP_V_B1,HDCP_V_B2,HDCP_V_B3,HDCP_V_B4),0)) -> 22 | Z35: =IF(COUNT(V$5:V$48)=0,"",MIN(X35+Y35,POINTS_CAP_B)) -> 30 | AB35: 28 | AC35: 0.06005787 | AD35: =IF(COUNT(AB$5:AB$48)=0,"",IF(ISNUMBER(AB35),1+POINTS_CAP_B-AB35,0)) -> 13 | AE35: =IF(COUNT(AB$5:AB$48)=0,"", IFERROR(CHOOSE($B35,HDCP_V_B1,HDCP_V_B2,HDCP_V_B3,HDCP_V_B4),0)) -> 22 | AF35: =IF(COUNT(AB$5:AB$48)=0,"",MIN(AD35+AE35,POINTS_CAP_B)) -> 35 | AJ35: =IF(COUNT(AH$5:AH$48)=0,"",IF(ISNUMBER(AH35),1+POINTS_CAP_B-AH35,0)) | AK35: =IF(COUNT(AH$5:AH$48)=0,"", IFERROR(CHOOSE($B35,HDCP_V_B1,HDCP_V_B2,HDCP_V_B3,HDCP_V_B4),0)) | AL35: =IF(COUNT(AH$5:AH$48)=0,"",MIN(AJ35+AK35,POINTS_CAP_B)) | AP35: =IF(COUNT(AN$5:AN$48)=0,"",IF(ISNUMBER(AN35),1+POINTS_CAP_B-AN35,0)) | AQ35: =IF(COUNT(AN$5:AN$48)=0,"", IFERROR(CHOOSE($B35,HDCP_V_B1,HDCP_V_B2,HDCP_V_B3,HDCP_V_B4),0)) | AR35: =IF(COUNT(AN$5:AN$48)=0,"",MIN(AP35+AQ35,POINTS_CAP_B)) | AT35: =IF(F35="","",SUM(F35,L35,R35,X35,AD35,AJ35,AP35)) -> 52 | AU35: =IF(H35="","",SUM(H35,N35,T35,Z35,AF35,AL35,AR35)) -> 162
A36: James Turner | B36: 4 | D36: 23 | E36: 0.028449074 | F36: =IF(COUNT(D$5:D$48)=0,"",IF(ISNUMBER(D36),1+POINTS_CAP_B-D36,0)) -> 18 | G36: =IF(COUNT(D$5:D$48)=0,"", IFERROR(CHOOSE($B36,HDCP_V_B1,HDCP_V_B2,HDCP_V_B3,HDCP_V_B4),0)) -> 22 | H36: =IF(COUNT(D$5:D$48)=0,"",MIN(F36+G36,POINTS_CAP_B)) -> 40 | J36: 29 | K36: 0.025439815 | L36: =IF(COUNT(J$5:J$48)=0,"",IF(ISNUMBER(J36),1+POINTS_CAP_B-J36,0)) -> 12 | M36: =IF(COUNT(J$5:J$48)=0,"", IFERROR(CHOOSE($B36,HDCP_V_B1,HDCP_V_B2,HDCP_V_B3,HDCP_V_B4),0)) -> 22 | N36: =IF(COUNT(J$5:J$48)=0,"",MIN(L36+M36,POINTS_CAP_B)) -> 34 | P36: 13 | Q36: 0.036979167 | R36: =IF(COUNT(P$5:P$48)=0,"",IF(ISNUMBER(P36),1+POINTS_CAP_B-P36,0)) -> 28 | S36: =IF(COUNT(P$5:P$48)=0,"", IFERROR(CHOOSE($B36,HDCP_V_B1,HDCP_V_B2,HDCP_V_B3,HDCP_V_B4),0)) -> 22 | T36: =IF(COUNT(P$5:P$48)=0,"",MIN(R36+S36,POINTS_CAP_B)) -> 40 | V36: 23 | W36: 0.025983796 | X36: =IF(COUNT(V$5:V$48)=0,"",IF(ISNUMBER(V36),1+POINTS_CAP_B-V36,0)) -> 18 | Y36: =IF(COUNT(V$5:V$48)=0,"", IFERROR(CHOOSE($B36,HDCP_V_B1,HDCP_V_B2,HDCP_V_B3,HDCP_V_B4),0)) -> 22 | Z36: =IF(COUNT(V$5:V$48)=0,"",MIN(X36+Y36,POINTS_CAP_B)) -> 40 | AB36: 16 | AC36: 0.052349537 | AD36: =IF(COUNT(AB$5:AB$48)=0,"",IF(ISNUMBER(AB36),1+POINTS_CAP_B-AB36,0)) -> 25 | AE36: =IF(COUNT(AB$5:AB$48)=0,"", IFERROR(CHOOSE($B36,HDCP_V_B1,HDCP_V_B2,HDCP_V_B3,HDCP_V_B4),0)) -> 22 | AF36: =IF(COUNT(AB$5:AB$48)=0,"",MIN(AD36+AE36,POINTS_CAP_B)) -> 40 | AJ36: =IF(COUNT(AH$5:AH$48)=0,"",IF(ISNUMBER(AH36),1+POINTS_CAP_B-AH36,0)) | AK36: =IF(COUNT(AH$5:AH$48)=0,"", IFERROR(CHOOSE($B36,HDCP_V_B1,HDCP_V_B2,HDCP_V_B3,HDCP_V_B4),0)) | AL36: =IF(COUNT(AH$5:AH$48)=0,"",MIN(AJ36+AK36,POINTS_CAP_B)) | AP36: =IF(COUNT(AN$5:AN$48)=0,"",IF(ISNUMBER(AN36),1+POINTS_CAP_B-AN36,0)) | AQ36: =IF(COUNT(AN$5:AN$48)=0,"", IFERROR(CHOOSE($B36,HDCP_V_B1,HDCP_V_B2,HDCP_V_B3,HDCP_V_B4),0)) | AR36: =IF(COUNT(AN$5:AN$48)=0,"",MIN(AP36+AQ36,POINTS_CAP_B)) | AT36: =IF(F36="","",SUM(F36,L36,R36,X36,AD36,AJ36,AP36)) -> 101 | AU36: =IF(H36="","",SUM(H36,N36,T36,Z36,AF36,AL36,AR36)) -> 194
A37: Patricia Villar | B37: 4 | D37: 34 | E37: 0.032766204 | F37: =IF(COUNT(D$5:D$48)=0,"",IF(ISNUMBER(D37),1+POINTS_CAP_B-D37,0)) -> 7 | G37: =IF(COUNT(D$5:D$48)=0,"", IFERROR(CHOOSE($B37,HDCP_V_B1,HDCP_V_B2,HDCP_V_B3,HDCP_V_B4),0)) -> 22 | H37: =IF(COUNT(D$5:D$48)=0,"",MIN(F37+G37,POINTS_CAP_B)) -> 29 | J37: 34 | K37: 0.026226852 | L37: =IF(COUNT(J$5:J$48)=0,"",IF(ISNUMBER(J37),1+POINTS_CAP_B-J37,0)) -> 7 | M37: =IF(COUNT(J$5:J$48)=0,"", IFERROR(CHOOSE($B37,HDCP_V_B1,HDCP_V_B2,HDCP_V_B3,HDCP_V_B4),0)) -> 22 | N37: =IF(COUNT(J$5:J$48)=0,"",MIN(L37+M37,POINTS_CAP_B)) -> 29 | P37: 33 | Q37: 0.044849537 | R37: =IF(COUNT(P$5:P$48)=0,"",IF(ISNUMBER(P38),1+POINTS_CAP_B-P38,0)) -> 12 | S37: =IF(COUNT(P$5:P$48)=0,"", IFERROR(CHOOSE($B37,HDCP_V_B1,HDCP_V_B2,HDCP_V_B3,HDCP_V_B4),0)) -> 22 | T37: =IF(COUNT(P$5:P$48)=0,"",MIN(R37+S37,POINTS_CAP_B)) -> 34 | V37: 34 | W37: 0.028078704 | X37: =IF(COUNT(V$5:V$48)=0,"",IF(ISNUMBER(V37),1+POINTS_CAP_B-V37,0)) -> 7 | Y37: =IF(COUNT(V$5:V$48)=0,"", IFERROR(CHOOSE($B37,HDCP_V_B1,HDCP_V_B2,HDCP_V_B3,HDCP_V_B4),0)) -> 22 | Z37: =IF(COUNT(V$5:V$48)=0,"",MIN(X37+Y37,POINTS_CAP_B)) -> 29 | AB37: 31 | AC37: 0.063969907 | AD37: =IF(COUNT(AB$5:AB$48)=0,"",IF(ISNUMBER(AB37),1+POINTS_CAP_B-AB37,0)) -> 10 | AE37: =IF(COUNT(AB$5:AB$48)=0,"", IFERROR(CHOOSE($B37,HDCP_V_B1,HDCP_V_B2,HDCP_V_B3,HDCP_V_B4),0)) -> 22 | AF37: =IF(COUNT(AB$5:AB$48)=0,"",MIN(AD37+AE37,POINTS_CAP_B)) -> 32 | AJ37: =IF(COUNT(AH$5:AH$48)=0,"",IF(ISNUMBER(AH37),1+POINTS_CAP_B-AH37,0)) | AK37: =IF(COUNT(AH$5:AH$48)=0,"", IFERROR(CHOOSE($B37,HDCP_V_B1,HDCP_V_B2,HDCP_V_B3,HDCP_V_B4),0)) | AL37: =IF(COUNT(AH$5:AH$48)=0,"",MIN(AJ37+AK37,POINTS_CAP_B)) | AP37: =IF(COUNT(AN$5:AN$48)=0,"",IF(ISNUMBER(AN37),1+POINTS_CAP_B-AN37,0)) | AQ37: =IF(COUNT(AN$5:AN$48)=0,"", IFERROR(CHOOSE($B37,HDCP_V_B1,HDCP_V_B2,HDCP_V_B3,HDCP_V_B4),0)) | AR37: =IF(COUNT(AN$5:AN$48)=0,"",MIN(AP37+AQ37,POINTS_CAP_B)) | AT37: =IF(F37="","",SUM(F37,L37,R37,X37,AD37,AJ37,AP37)) -> 43 | AU37: =IF(H37="","",SUM(H37,N37,T37,Z37,AF37,AL37,AR37)) -> 153
A38: Alessandra Scaduto | B38: 4 | D38: 29 | E38: 0.030138889 | F38: =IF(COUNT(D$5:D$48)=0,"",IF(ISNUMBER(D38),1+POINTS_CAP_B-D38,0)) -> 12 | G38: =IF(COUNT(D$5:D$48)=0,"", IFERROR(CHOOSE($B38,HDCP_V_B1,HDCP_V_B2,HDCP_V_B3,HDCP_V_B4),0)) -> 22 | H38: =IF(COUNT(D$5:D$48)=0,"",MIN(F38+G38,POINTS_CAP_B)) -> 34 | J38: 27 | K38: 0.025046296 | L38: =IF(COUNT(J$5:J$48)=0,"",IF(ISNUMBER(J38),1+POINTS_CAP_B-J38,0)) -> 14 | M38: =IF(COUNT(J$5:J$48)=0,"", IFERROR(CHOOSE($B38,HDCP_V_B1,HDCP_V_B2,HDCP_V_B3,HDCP_V_B4),0)) -> 22 | N38: =IF(COUNT(J$5:J$48)=0,"",MIN(L38+M38,POINTS_CAP_B)) -> 36 | P38: 29 | Q38: 0.042418981 | R38: =IF(COUNT(P$5:P$48)=0,"",IF(ISNUMBER(#REF!),1+POINTS_CAP_B-#REF!,0)) -> 0 | S38: =IF(COUNT(P$5:P$48)=0,"", IFERROR(CHOOSE($B38,HDCP_V_B1,HDCP_V_B2,HDCP_V_B3,HDCP_V_B4),0)) -> 22 | T38: =IF(COUNT(P$5:P$48)=0,"",MIN(R38+S38,POINTS_CAP_B)) -> 22 | V38: 25 | W38: 0.026087963 | X38: =IF(COUNT(V$5:V$48)=0,"",IF(ISNUMBER(V38),1+POINTS_CAP_B-V38,0)) -> 16 | Y38: =IF(COUNT(V$5:V$48)=0,"", IFERROR(CHOOSE($B38,HDCP_V_B1,HDCP_V_B2,HDCP_V_B3,HDCP_V_B4),0)) -> 22 | Z38: =IF(COUNT(V$5:V$48)=0,"",MIN(X38+Y38,POINTS_CAP_B)) -> 38 | AB38: 22 | AC38: 0.055243056 | AD38: =IF(COUNT(AB$5:AB$48)=0,"",IF(ISNUMBER(AB38),1+POINTS_CAP_B-AB38,0)) -> 19 | AE38: =IF(COUNT(AB$5:AB$48)=0,"", IFERROR(CHOOSE($B38,HDCP_V_B1,HDCP_V_B2,HDCP_V_B3,HDCP_V_B4),0)) -> 22 | AF38: =IF(COUNT(AB$5:AB$48)=0,"",MIN(AD38+AE38,POINTS_CAP_B)) -> 40 | AJ38: =IF(COUNT(AH$5:AH$48)=0,"",IF(ISNUMBER(AH38),1+POINTS_CAP_B-AH38,0)) | AK38: =IF(COUNT(AH$5:AH$48)=0,"", IFERROR(CHOOSE($B38,HDCP_V_B1,HDCP_V_B2,HDCP_V_B3,HDCP_V_B4),0)) | AL38: =IF(COUNT(AH$5:AH$48)=0,"",MIN(AJ38+AK38,POINTS_CAP_B)) | AP38: =IF(COUNT(AN$5:AN$48)=0,"",IF(ISNUMBER(AN38),1+POINTS_CAP_B-AN38,0)) | AQ38: =IF(COUNT(AN$5:AN$48)=0,"", IFERROR(CHOOSE($B38,HDCP_V_B1,HDCP_V_B2,HDCP_V_B3,HDCP_V_B4),0)) | AR38: =IF(COUNT(AN$5:AN$48)=0,"",MIN(AP38+AQ38,POINTS_CAP_B)) | AT38: =IF(F38="","",SUM(F38,L38,R38,X38,AD38,AJ38,AP38)) -> 61 | AU38: =IF(H38="","",SUM(H38,N38,T38,Z38,AF38,AL38,AR38)) -> 170
A39: Peter Lyons | B39: 1 | D39: 3 | E39: 0.025208333 | F39: =IF(COUNT(D$5:D$48)=0,"",IF(ISNUMBER(D39),1+POINTS_CAP_B-D39,0)) -> 38 | G39: =IF(COUNT(D$5:D$48)=0,"", IFERROR(CHOOSE($B39,HDCP_V_B1,HDCP_V_B2,HDCP_V_B3,HDCP_V_B4),0)) -> 0 | H39: =IF(COUNT(D$5:D$48)=0,"",MIN(F39+G39,POINTS_CAP_B)) -> 38 | J39: 3 | K39: 0.021377315 | L39: =IF(COUNT(J$5:J$48)=0,"",IF(ISNUMBER(J39),1+POINTS_CAP_B-J39,0)) -> 38 | M39: =IF(COUNT(J$5:J$48)=0,"", IFERROR(CHOOSE($B39,HDCP_V_B1,HDCP_V_B2,HDCP_V_B3,HDCP_V_B4),0)) -> 0 | N39: =IF(COUNT(J$5:J$48)=0,"",MIN(L39+M39,POINTS_CAP_B)) -> 38 | P39: 3 | Q39: 0.034652778 | R39: =IF(COUNT(P$5:P$48)=0,"",IF(ISNUMBER(P39),1+POINTS_CAP_B-P39,0)) -> 38 | S39: =IF(COUNT(P$5:P$48)=0,"", IFERROR(CHOOSE($B39,HDCP_V_B1,HDCP_V_B2,HDCP_V_B3,HDCP_V_B4),0)) -> 0 | T39: =IF(COUNT(P$5:P$48)=0,"",MIN(R39+S39,POINTS_CAP_B)) -> 38 | V39: 3 | W39: 0.0228125 | X39: =IF(COUNT(V$5:V$48)=0,"",IF(ISNUMBER(V39),1+POINTS_CAP_B-V39,0)) -> 38 | Y39: =IF(COUNT(V$5:V$48)=0,"", IFERROR(CHOOSE($B39,HDCP_V_B1,HDCP_V_B2,HDCP_V_B3,HDCP_V_B4),0)) -> 0 | Z39: =IF(COUNT(V$5:V$48)=0,"",MIN(X39+Y39,POINTS_CAP_B)) -> 38 | AB39: 4 | AC39: 0.048946759 | AD39: =IF(COUNT(AB$5:AB$48)=0,"",IF(ISNUMBER(AB39),1+POINTS_CAP_B-AB39,0)) -> 37 | AE39: =IF(COUNT(AB$5:AB$48)=0,"", IFERROR(CHOOSE($B39,HDCP_V_B1,HDCP_V_B2,HDCP_V_B3,HDCP_V_B4),0)) -> 0 | AF39: =IF(COUNT(AB$5:AB$48)=0,"",MIN(AD39+AE39,POINTS_CAP_B)) -> 37 | AJ39: =IF(COUNT(AH$5:AH$48)=0,"",IF(ISNUMBER(AH39),1+POINTS_CAP_B-AH39,0)) | AK39: =IF(COUNT(AH$5:AH$48)=0,"", IFERROR(CHOOSE($B39,HDCP_V_B1,HDCP_V_B2,HDCP_V_B3,HDCP_V_B4),0)) | AL39: =IF(COUNT(AH$5:AH$48)=0,"",MIN(AJ39+AK39,POINTS_CAP_B)) | AP39: =IF(COUNT(AN$5:AN$48)=0,"",IF(ISNUMBER(AN39),1+POINTS_CAP_B-AN39,0)) | AQ39: =IF(COUNT(AN$5:AN$48)=0,"", IFERROR(CHOOSE($B39,HDCP_V_B1,HDCP_V_B2,HDCP_V_B3,HDCP_V_B4),0)) | AR39: =IF(COUNT(AN$5:AN$48)=0,"",MIN(AP39+AQ39,POINTS_CAP_B)) | AT39: =IF(F39="","",SUM(F39,L39,R39,X39,AD39,AJ39,AP39)) -> 189 | AU39: =IF(H39="","",SUM(H39,N39,T39,Z39,AF39,AL39,AR39)) -> 189
A40: Laura McMullen | B40: 2 | D40: 10 | E40: 0.026469907 | F40: =IF(COUNT(D$5:D$48)=0,"",IF(ISNUMBER(D40),1+POINTS_CAP_B-D40,0)) -> 31 | G40: =IF(COUNT(D$5:D$48)=0,"", IFERROR(CHOOSE($B40,HDCP_V_B1,HDCP_V_B2,HDCP_V_B3,HDCP_V_B4),0)) -> 8 | H40: =IF(COUNT(D$5:D$48)=0,"",MIN(F40+G40,POINTS_CAP_B)) -> 39 | J40: 15 | K40: 0.022708333 | L40: =IF(COUNT(J$5:J$48)=0,"",IF(ISNUMBER(J40),1+POINTS_CAP_B-J40,0)) -> 26 | M40: =IF(COUNT(J$5:J$48)=0,"", IFERROR(CHOOSE($B40,HDCP_V_B1,HDCP_V_B2,HDCP_V_B3,HDCP_V_B4),0)) -> 8 | N40: =IF(COUNT(J$5:J$48)=0,"",MIN(L40+M40,POINTS_CAP_B)) -> 34 | P40: 6 | Q40: 0.035428241 | R40: =IF(COUNT(P$5:P$48)=0,"",IF(ISNUMBER(P40),1+POINTS_CAP_B-P40,0)) -> 35 | S40: =IF(COUNT(P$5:P$48)=0,"", IFERROR(CHOOSE($B40,HDCP_V_B1,HDCP_V_B2,HDCP_V_B3,HDCP_V_B4),0)) -> 8 | T40: =IF(COUNT(P$5:P$48)=0,"",MIN(R40+S40,POINTS_CAP_B)) -> 40 | V40: 14 | W40: 0.024155093 | X40: =IF(COUNT(V$5:V$48)=0,"",IF(ISNUMBER(V40),1+POINTS_CAP_B-V40,0)) -> 27 | Y40: =IF(COUNT(V$5:V$48)=0,"", IFERROR(CHOOSE($B40,HDCP_V_B1,HDCP_V_B2,HDCP_V_B3,HDCP_V_B4),0)) -> 8 | Z40: =IF(COUNT(V$5:V$48)=0,"",MIN(X40+Y40,POINTS_CAP_B)) -> 35 | AB40: 8 | AC40: 0.049490741 | AD40: =IF(COUNT(AB$5:AB$48)=0,"",IF(ISNUMBER(AB40),1+POINTS_CAP_B-AB40,0)) -> 33 | AE40: =IF(COUNT(AB$5:AB$48)=0,"", IFERROR(CHOOSE($B40,HDCP_V_B1,HDCP_V_B2,HDCP_V_B3,HDCP_V_B4),0)) -> 8 | AF40: =IF(COUNT(AB$5:AB$48)=0,"",MIN(AD40+AE40,POINTS_CAP_B)) -> 40 | AJ40: =IF(COUNT(AH$5:AH$48)=0,"",IF(ISNUMBER(AH40),1+POINTS_CAP_B-AH40,0)) | AK40: =IF(COUNT(AH$5:AH$48)=0,"", IFERROR(CHOOSE($B40,HDCP_V_B1,HDCP_V_B2,HDCP_V_B3,HDCP_V_B4),0)) | AL40: =IF(COUNT(AH$5:AH$48)=0,"",MIN(AJ40+AK40,POINTS_CAP_B)) | AP40: =IF(COUNT(AN$5:AN$48)=0,"",IF(ISNUMBER(AN40),1+POINTS_CAP_B-AN40,0)) | AQ40: =IF(COUNT(AN$5:AN$48)=0,"", IFERROR(CHOOSE($B40,HDCP_V_B1,HDCP_V_B2,HDCP_V_B3,HDCP_V_B4),0)) | AR40: =IF(COUNT(AN$5:AN$48)=0,"",MIN(AP40+AQ40,POINTS_CAP_B)) | AT40: =IF(F40="","",SUM(F40,L40,R40,X40,AD40,AJ40,AP40)) -> 152 | AU40: =IF(H40="","",SUM(H40,N40,T40,Z40,AF40,AL40,AR40)) -> 188
A41: Olivier Baillet | B41: 2 | D41: 37 | E41: 0.038090278 | F41: =IF(COUNT(D$5:D$48)=0,"",IF(ISNUMBER(D41),1+POINTS_CAP_B-D41,0)) -> 4 | G41: =IF(COUNT(D$5:D$48)=0,"", IFERROR(CHOOSE($B41,HDCP_V_B1,HDCP_V_B2,HDCP_V_B3,HDCP_V_B4),0)) -> 8 | H41: =IF(COUNT(D$5:D$48)=0,"",MIN(F41+G41,POINTS_CAP_B)) -> 12 | J41: 38 | K41: 0.034143519 | L41: =IF(COUNT(J$5:J$48)=0,"",IF(ISNUMBER(J41),1+POINTS_CAP_B-J41,0)) -> 3 | M41: =IF(COUNT(J$5:J$48)=0,"", IFERROR(CHOOSE($B41,HDCP_V_B1,HDCP_V_B2,HDCP_V_B3,HDCP_V_B4),0)) -> 8 | N41: =IF(COUNT(J$5:J$48)=0,"",MIN(L41+M41,POINTS_CAP_B)) -> 11 | P41: 36 | Q41: 0.062476852 | R41: =IF(COUNT(P$5:P$48)=0,"",IF(ISNUMBER(P41),1+POINTS_CAP_B-P41,0)) -> 5 | S41: =IF(COUNT(P$5:P$48)=0,"", IFERROR(CHOOSE($B41,HDCP_V_B1,HDCP_V_B2,HDCP_V_B3,HDCP_V_B4),0)) -> 8 | T41: =IF(COUNT(P$5:P$48)=0,"",MIN(R41+S41,POINTS_CAP_B)) -> 13 | V41: 37 | W41: 0.034953704 | X41: =IF(COUNT(V$5:V$48)=0,"",IF(ISNUMBER(V41),1+POINTS_CAP_B-V41,0)) -> 4 | Y41: =IF(COUNT(V$5:V$48)=0,"", IFERROR(CHOOSE($B41,HDCP_V_B1,HDCP_V_B2,HDCP_V_B3,HDCP_V_B4),0)) -> 8 | Z41: =IF(COUNT(V$5:V$48)=0,"",MIN(X41+Y41,POINTS_CAP_B)) -> 12 | AB41: 35 | AC41: 0.080509259 | AD41: =IF(COUNT(AB$5:AB$48)=0,"",IF(ISNUMBER(AB41),1+POINTS_CAP_B-AB41,0)) -> 6 | AE41: =IF(COUNT(AB$5:AB$48)=0,"", IFERROR(CHOOSE($B41,HDCP_V_B1,HDCP_V_B2,HDCP_V_B3,HDCP_V_B4),0)) -> 8 | AF41: =IF(COUNT(AB$5:AB$48)=0,"",MIN(AD41+AE41,POINTS_CAP_B)) -> 14 | AJ41: =IF(COUNT(AH$5:AH$48)=0,"",IF(ISNUMBER(AH41),1+POINTS_CAP_B-AH41,0)) | AK41: =IF(COUNT(AH$5:AH$48)=0,"", IFERROR(CHOOSE($B41,HDCP_V_B1,HDCP_V_B2,HDCP_V_B3,HDCP_V_B4),0)) | AL41: =IF(COUNT(AH$5:AH$48)=0,"",MIN(AJ41+AK41,POINTS_CAP_B)) | AP41: =IF(COUNT(AN$5:AN$48)=0,"",IF(ISNUMBER(AN41),1+POINTS_CAP_B-AN41,0)) | AQ41: =IF(COUNT(AN$5:AN$48)=0,"", IFERROR(CHOOSE($B41,HDCP_V_B1,HDCP_V_B2,HDCP_V_B3,HDCP_V_B4),0)) | AR41: =IF(COUNT(AN$5:AN$48)=0,"",MIN(AP41+AQ41,POINTS_CAP_B)) | AT41: =IF(F41="","",SUM(F41,L41,R41,X41,AD41,AJ41,AP41)) -> 22 | AU41: =IF(H41="","",SUM(H41,N41,T41,Z41,AF41,AL41,AR41)) -> 62
A42: Alan Grant | B42: 1 | D42: 38 | E42: 0.038090278 | F42: =IF(COUNT(D$5:D$48)=0,"",IF(ISNUMBER(D42),1+POINTS_CAP_B-D42,0)) -> 3 | G42: =IF(COUNT(D$5:D$48)=0,"", IFERROR(CHOOSE($B42,HDCP_V_B1,HDCP_V_B2,HDCP_V_B3,HDCP_V_B4),0)) -> 0 | H42: =IF(COUNT(D$5:D$48)=0,"",MIN(F42+G42,POINTS_CAP_B)) -> 3 | J42: 7 | K42: 0.022048611 | L42: =IF(COUNT(J$5:J$48)=0,"",IF(ISNUMBER(J42),1+POINTS_CAP_B-J42,0)) -> 34 | M42: =IF(COUNT(J$5:J$48)=0,"", IFERROR(CHOOSE($B42,HDCP_V_B1,HDCP_V_B2,HDCP_V_B3,HDCP_V_B4),0)) -> 0 | N42: =IF(COUNT(J$5:J$48)=0,"",MIN(L42+M42,POINTS_CAP_B)) -> 34 | P42: 5 | Q42: 0.035324074 | R42: =IF(COUNT(P$5:P$48)=0,"",IF(ISNUMBER(P42),1+POINTS_CAP_B-P42,0)) -> 36 | S42: =IF(COUNT(P$5:P$48)=0,"", IFERROR(CHOOSE($B42,HDCP_V_B1,HDCP_V_B2,HDCP_V_B3,HDCP_V_B4),0)) -> 0 | T42: =IF(COUNT(P$5:P$48)=0,"",MIN(R42+S42,POINTS_CAP_B)) -> 36 | V42: 9 | W42: 0.023715278 | X42: =IF(COUNT(V$5:V$48)=0,"",IF(ISNUMBER(V42),1+POINTS_CAP_B-V42,0)) -> 32 | Y42: =IF(COUNT(V$5:V$48)=0,"", IFERROR(CHOOSE($B42,HDCP_V_B1,HDCP_V_B2,HDCP_V_B3,HDCP_V_B4),0)) -> 0 | Z42: =IF(COUNT(V$5:V$48)=0,"",MIN(X42+Y42,POINTS_CAP_B)) -> 32 | AB42: 15 | AC42: 0.052210648 | AD42: =IF(COUNT(AB$5:AB$48)=0,"",IF(ISNUMBER(AB42),1+POINTS_CAP_B-AB42,0)) -> 26 | AE42: =IF(COUNT(AB$5:AB$48)=0,"", IFERROR(CHOOSE($B42,HDCP_V_B1,HDCP_V_B2,HDCP_V_B3,HDCP_V_B4),0)) -> 0 | AF42: =IF(COUNT(AB$5:AB$48)=0,"",MIN(AD42+AE42,POINTS_CAP_B)) -> 26 | AJ42: =IF(COUNT(AH$5:AH$48)=0,"",IF(ISNUMBER(AH42),1+POINTS_CAP_B-AH42,0)) | AK42: =IF(COUNT(AH$5:AH$48)=0,"", IFERROR(CHOOSE($B42,HDCP_V_B1,HDCP_V_B2,HDCP_V_B3,HDCP_V_B4),0)) | AL42: =IF(COUNT(AH$5:AH$48)=0,"",MIN(AJ42+AK42,POINTS_CAP_B)) | AP42: =IF(COUNT(AN$5:AN$48)=0,"",IF(ISNUMBER(AN42),1+POINTS_CAP_B-AN42,0)) | AQ42: =IF(COUNT(AN$5:AN$48)=0,"", IFERROR(CHOOSE($B42,HDCP_V_B1,HDCP_V_B2,HDCP_V_B3,HDCP_V_B4),0)) | AR42: =IF(COUNT(AN$5:AN$48)=0,"",MIN(AP42+AQ42,POINTS_CAP_B)) | AT42: =IF(F42="","",SUM(F42,L42,R42,X42,AD42,AJ42,AP42)) -> 131 | AU42: =IF(H42="","",SUM(H42,N42,T42,Z42,AF42,AL42,AR42)) -> 131
A43: Jonny Vaux | B43: 4 | D43: 39 | E43: 0.038090278 | F43: =IF(COUNT(D$5:D$48)=0,"",IF(ISNUMBER(D43),1+POINTS_CAP_B-D43,0)) -> 2 | G43: =IF(COUNT(D$5:D$48)=0,"", IFERROR(CHOOSE($B43,HDCP_V_B1,HDCP_V_B2,HDCP_V_B3,HDCP_V_B4),0)) -> 22 | H43: =IF(COUNT(D$5:D$48)=0,"",MIN(F43+G43,POINTS_CAP_B)) -> 24 | J43: 35 | K43: 0.027997685 | L43: =IF(COUNT(J$5:J$48)=0,"",IF(ISNUMBER(J43),1+POINTS_CAP_B-J43,0)) -> 6 | M43: =IF(COUNT(J$5:J$48)=0,"", IFERROR(CHOOSE($B43,HDCP_V_B1,HDCP_V_B2,HDCP_V_B3,HDCP_V_B4),0)) -> 22 | N43: =IF(COUNT(J$5:J$48)=0,"",MIN(L43+M43,POINTS_CAP_B)) -> 28 | P43: 40 | Q43: 0.062476852 | R43: =IF(COUNT(P$5:P$48)=0,"",IF(ISNUMBER(P43),1+POINTS_CAP_B-P43,0)) -> 1 | S43: =IF(COUNT(P$5:P$48)=0,"", IFERROR(CHOOSE($B43,HDCP_V_B1,HDCP_V_B2,HDCP_V_B3,HDCP_V_B4),0)) -> 22 | T43: =IF(COUNT(P$5:P$48)=0,"",MIN(R43+S43,POINTS_CAP_B)) -> 23 | V43: 40 | W43: 0.034953704 | X43: =IF(COUNT(V$5:V$48)=0,"",IF(ISNUMBER(V43),1+POINTS_CAP_B-V43,0)) -> 1 | Y43: =IF(COUNT(V$5:V$48)=0,"", IFERROR(CHOOSE($B43,HDCP_V_B1,HDCP_V_B2,HDCP_V_B3,HDCP_V_B4),0)) -> 22 | Z43: =IF(COUNT(V$5:V$48)=0,"",MIN(X43+Y43,POINTS_CAP_B)) -> 23 | AB43: 33 | AC43: 01:39:!6 | AD43: =IF(COUNT(AB$5:AB$48)=0,"",IF(ISNUMBER(AB43),1+POINTS_CAP_B-AB43,0)) -> 8 | AE43: =IF(COUNT(AB$5:AB$48)=0,"", IFERROR(CHOOSE($B43,HDCP_V_B1,HDCP_V_B2,HDCP_V_B3,HDCP_V_B4),0)) -> 22 | AF43: =IF(COUNT(AB$5:AB$48)=0,"",MIN(AD43+AE43,POINTS_CAP_B)) -> 30 | AJ43: =IF(COUNT(AH$5:AH$48)=0,"",IF(ISNUMBER(AH43),1+POINTS_CAP_B-AH43,0)) | AK43: =IF(COUNT(AH$5:AH$48)=0,"", IFERROR(CHOOSE($B43,HDCP_V_B1,HDCP_V_B2,HDCP_V_B3,HDCP_V_B4),0)) | AL43: =IF(COUNT(AH$5:AH$48)=0,"",MIN(AJ43+AK43,POINTS_CAP_B)) | AP43: =IF(COUNT(AN$5:AN$48)=0,"",IF(ISNUMBER(AN43),1+POINTS_CAP_B-AN43,0)) | AQ43: =IF(COUNT(AN$5:AN$48)=0,"", IFERROR(CHOOSE($B43,HDCP_V_B1,HDCP_V_B2,HDCP_V_B3,HDCP_V_B4),0)) | AR43: =IF(COUNT(AN$5:AN$48)=0,"",MIN(AP43+AQ43,POINTS_CAP_B)) | AT43: =IF(F43="","",SUM(F43,L43,R43,X43,AD43,AJ43,AP43)) -> 18 | AU43: =IF(H43="","",SUM(H43,N43,T43,Z43,AF43,AL43,AR43)) -> 128
A44: Mark Presland | B44: 1 | D44: 40 | E44: 0.038090278 | F44: =IF(COUNT(D$5:D$48)=0,"",IF(ISNUMBER(D44),1+POINTS_CAP_B-D44,0)) -> 1 | G44: =IF(COUNT(D$5:D$48)=0,"", IFERROR(CHOOSE($B44,HDCP_V_B1,HDCP_V_B2,HDCP_V_B3,HDCP_V_B4),0)) -> 0 | H44: =IF(COUNT(D$5:D$48)=0,"",MIN(F44+G44,POINTS_CAP_B)) -> 1 | J44: 5 | K44: 0.021666667 | L44: =IF(COUNT(J$5:J$48)=0,"",IF(ISNUMBER(J44),1+POINTS_CAP_B-J44,0)) -> 36 | M44: =IF(COUNT(J$5:J$48)=0,"", IFERROR(CHOOSE($B44,HDCP_V_B1,HDCP_V_B2,HDCP_V_B3,HDCP_V_B4),0)) -> 0 | N44: =IF(COUNT(J$5:J$48)=0,"",MIN(L44+M44,POINTS_CAP_B)) -> 36 | P44: 7 | Q44: 0.035810185 | R44: =IF(COUNT(P$5:P$48)=0,"",IF(ISNUMBER(P44),1+POINTS_CAP_B-P44,0)) -> 34 | S44: =IF(COUNT(P$5:P$48)=0,"", IFERROR(CHOOSE($B44,HDCP_V_B1,HDCP_V_B2,HDCP_V_B3,HDCP_V_B4),0)) -> 0 | T44: =IF(COUNT(P$5:P$48)=0,"",MIN(R44+S44,POINTS_CAP_B)) -> 34 | V44: 13 | W44: 0.024108796 | X44: =IF(COUNT(V$5:V$48)=0,"",IF(ISNUMBER(V44),1+POINTS_CAP_B-V44,0)) -> 28 | Y44: =IF(COUNT(V$5:V$48)=0,"", IFERROR(CHOOSE($B44,HDCP_V_B1,HDCP_V_B2,HDCP_V_B3,HDCP_V_B4),0)) -> 0 | Z44: =IF(COUNT(V$5:V$48)=0,"",MIN(X44+Y44,POINTS_CAP_B)) -> 28 | AB44: 6 | AC44: 0.049259259 | AD44: =IF(COUNT(AB$5:AB$48)=0,"",IF(ISNUMBER(AB44),1+POINTS_CAP_B-AB44,0)) -> 35 | AE44: =IF(COUNT(AB$5:AB$48)=0,"", IFERROR(CHOOSE($B44,HDCP_V_B1,HDCP_V_B2,HDCP_V_B3,HDCP_V_B4),0)) -> 0 | AF44: =IF(COUNT(AB$5:AB$48)=0,"",MIN(AD44+AE44,POINTS_CAP_B)) -> 35 | AJ44: =IF(COUNT(AH$5:AH$48)=0,"",IF(ISNUMBER(AH44),1+POINTS_CAP_B-AH44,0)) | AK44: =IF(COUNT(AH$5:AH$48)=0,"", IFERROR(CHOOSE($B44,HDCP_V_B1,HDCP_V_B2,HDCP_V_B3,HDCP_V_B4),0)) | AL44: =IF(COUNT(AH$5:AH$48)=0,"",MIN(AJ44+AK44,POINTS_CAP_B)) | AP44: =IF(COUNT(AN$5:AN$48)=0,"",IF(ISNUMBER(AN44),1+POINTS_CAP_B-AN44,0)) | AQ44: =IF(COUNT(AN$5:AN$48)=0,"", IFERROR(CHOOSE($B44,HDCP_V_B1,HDCP_V_B2,HDCP_V_B3,HDCP_V_B4),0)) | AR44: =IF(COUNT(AN$5:AN$48)=0,"",MIN(AP44+AQ44,POINTS_CAP_B)) | AT44: =IF(F44="","",SUM(F44,L44,R44,X44,AD44,AJ44,AP44)) -> 134 | AU44: =IF(H44="","",SUM(H44,N44,T44,Z44,AF44,AL44,AR44)) -> 134
AT45: =IF(F45="","",SUM(F45,L45,R45,AD45,AJ45,AP45)) | AU45: =IF(H45="","",SUM(H45,N45,T45,AF45,AL45,AR45))
AT46: =IF(F46="","",SUM(F46,L46,R46,AD46,AJ46,AP46)) | AU46: =IF(H46="","",SUM(H46,N46,T46,AF46,AL46,AR46))
AT47: =IF(F47="","",SUM(F47,L47,R47,AD47,AJ47,AP47)) | AU47: =IF(H47="","",SUM(H47,N47,T47,AF47,AL47,AR47))
AT48: =IF(F48="","",SUM(F48,L48,R48,AD48,AJ48,AP48)) | AU48: =IF(H48="","",SUM(H48,N48,T48,AF48,AL48,AR48))
AT49: =IF(F49="","",SUM(F49,L49,R49,AD49,AJ49,AP49)) | AU49: =IF(H49="","",SUM(H49,N49,T49,AF49,AL49,AR49))
AT50: =IF(F50="","",SUM(F50,L50,R50,AD50,AJ50,AP50)) | AU50: =IF(H50="","",SUM(H50,N50,T50,AF50,AL50,AR50))
AT51: =IF(F51="","",SUM(F51,L51,R51,AD51,AJ51,AP51)) | AU51: =IF(H51="","",SUM(H51,N51,T51,AF51,AL51,AR51))
AT52: =IF(F52="","",SUM(F52,L52,R52,AD52,AJ52,AP52)) | AU52: =IF(H52="","",SUM(H52,N52,T52,AF52,AL52,AR52))
AT53: =IF(F53="","",SUM(F53,L53,R53,AD53,AJ53,AP53)) | AU53: =IF(H53="","",SUM(H53,N53,T53,AF53,AL53,AR53))
AT54: =IF(F54="","",SUM(F54,L54,R54,AD54,AJ54,AP54)) | AU54: =IF(H54="","",SUM(H54,N54,T54,AF54,AL54,AR54))
AT55: =IF(F55="","",SUM(F55,L55,R55,AD55,AJ55,AP55)) | AU55: =IF(H55="","",SUM(H55,N55,T55,AF55,AL55,AR55))

Sheet Stage Data - W
B1: Handicap Pts | D1: Stage 1 | J1: Stage 2 | P1: Stage 3a | V1: Stage 3b | AB1: Stage 4 | AH1: Stage 5 | AN1: Stage 6 | AT1: Base Points | AU1: Adjusted Points
D2: Position | E2: Time | F2: Points | J2: Position | K2: Time | L2: Points | P2: Position | Q2: Time | R2: Points | V2: Position | W2: Time | X2: Points | AB2: Position | AC2: Time | AD2: Points | AH2: Position | AI2: Time | AJ2: Points | AN2: Position | AO2: Time | AP2: Points | AW2: Points Cap: | AX2: 7
A3: Name | F3: Base | G3: Handicap | H3: Adjusted | L3: Base | M3: Handicap | N3: Adjusted | R3: Base | S3: Handicap | T3: Adjusted | X3: Base | Y3: Handicap | Z3: Adjusted | AD3: Base | AE3: Handicap | AF3: Adjusted | AJ3: Base | AK3: Handicap | AL3: Adjusted | AP3: Base | AQ3: Handicap | AR3: Adjusted
A5: Laura McMullen | B5: 1 | D5: 1 | E5: 0.026469907 | F5: =IF(COUNT(D$5:D$48)=0,"",IF(ISNUMBER(D5),POINTS_CAP_W-D5,0)) -> 6 | G5: =IF(COUNT(D$5:D$48)=0,"", $B5) -> 1 | H5: =IF(COUNT(D$5:D$48)=0,"",MIN(F5+G5,POINTS_CAP_W)) -> 7 | J5: 1 | K5: 0.022708333 | L5: =IF(COUNT(J$5:J$48)=0,"",IF(ISNUMBER(J5),POINTS_CAP_W-J5,0)) -> 6 | M5: =IF(COUNT(J$5:J$48)=0,"", $B5) -> 1 | N5: =IF(COUNT(J$5:J$48)=0,"",MIN(L5+M5,POINTS_CAP_W)) -> 7 | P5: 1 | Q5: 0.035428241 | R5: =IF(COUNT(P$5:P$48)=0,"",IF(ISNUMBER(P5),POINTS_CAP_W-P5,0)) -> 6 | S5: =IF(COUNT(P$5:P$48)=0,"", $B5) -> 1 | T5: =IF(COUNT(P$5:P$48)=0,"",MIN(R5+S5,POINTS_CAP_W)) -> 7 | V5: 1 | W5: 0.024155093 | X5: =IF(COUNT(V$5:V$48)=0,"",IF(ISNUMBER(V5),POINTS_CAP_W-V5,0)) -> 6 | Y5: =IF(COUNT(V$5:V$48)=0,"", $B5) -> 1 | Z5: =IF(COUNT(V$5:V$48)=0,"",MIN(X5+Y5,POINTS_CAP_W)) -> 7 | AB5: 2 | AC5: 0.049490741 | AD5: =IF(COUNT(AB$5:AB$48)=0,"",IF(ISNUMBER(AB5),POINTS_CAP_W-AB5,0)) -> 5 | AE5: =IF(COUNT(AB$5:AB$48)=0,"", $B5) -> 1 | AF5: =IF(COUNT(AB$5:AB$48)=0,"",MIN(AD5+AE5,POINTS_CAP_W)) -> 6 | AJ5: =IF(COUNT(AH$5:AH$48)=0,"",IF(ISNUMBER(AH5),POINTS_CAP_W-AH5,0)) | AK5: =IF(COUNT(AH$5:AH$48)=0,"", $B5) | AL5: =IF(COUNT(AH$5:AH$48)=0,"",MIN(AJ5+AK5,POINTS_CAP_W)) | AP5: =IF(COUNT(AN$5:AN$48)=0,"",IF(ISNUMBER(AN5),POINTS_CAP_W-AN5,0)) | AQ5: =IF(COUNT(AN$5:AN$48)=0,"", $B5) | AR5: =IF(COUNT(AN$5:AN$48)=0,"",MIN(AP5+AQ5,POINTS_CAP_W)) | AT5: =IF(F5="","",SUM(F5,L5,R5,X5,AD5,AJ5,AP5)) -> 29 | AU5: =IF(H5="","",SUM(H5,N5,T5,Z5,AF5,AL5,AR5)) -> 34
A6: Alex Wilson-Jones | B6: 2 | D6: 2 | E6: 0.026770833 | F6: =IF(COUNT(D$5:D$48)=0,"",IF(ISNUMBER(D6),POINTS_CAP_W-D6,0)) -> 5 | G6: =IF(COUNT(D$5:D$48)=0,"", $B6) -> 2 | H6: =IF(COUNT(D$5:D$48)=0,"",MIN(F6+G6,POINTS_CAP_W)) -> 7 | J6: 2 | K6: 0.022766204 | L6: =IF(COUNT(J$5:J$48)=0,"",IF(ISNUMBER(J6),POINTS_CAP_W-J6,0)) -> 5 | M6: =IF(COUNT(J$5:J$48)=0,"", $B6) -> 2 | N6: =IF(COUNT(J$5:J$48)=0,"",MIN(L6+M6,POINTS_CAP_W)) -> 7 | P6: 3 | Q6: 0.037847222 | R6: =IF(COUNT(P$5:P$48)=0,"",IF(ISNUMBER(P6),POINTS_CAP_W-P6,0)) -> 4 | S6: =IF(COUNT(P$5:P$48)=0,"", $B6) -> 2 | T6: =IF(COUNT(P$5:P$48)=0,"",MIN(R6+S6,POINTS_CAP_W)) -> 6 | V6: 2 | W6: 0.024328704 | X6: =IF(COUNT(V$5:V$48)=0,"",IF(ISNUMBER(V6),POINTS_CAP_W-V6,0)) -> 5 | Y6: =IF(COUNT(V$5:V$48)=0,"", $B6) -> 2 | Z6: =IF(COUNT(V$5:V$48)=0,"",MIN(X6+Y6,POINTS_CAP_W)) -> 7 | AB6: 3 | AC6: 0.053680556 | AD6: =IF(COUNT(AB$5:AB$48)=0,"",IF(ISNUMBER(AB6),POINTS_CAP_W-AB6,0)) -> 4 | AE6: =IF(COUNT(AB$5:AB$48)=0,"", $B6) -> 2 | AF6: =IF(COUNT(AB$5:AB$48)=0,"",MIN(AD6+AE6,POINTS_CAP_W)) -> 6 | AJ6: =IF(COUNT(AH$5:AH$48)=0,"",IF(ISNUMBER(AH6),POINTS_CAP_W-AH6,0)) | AK6: =IF(COUNT(AH$5:AH$48)=0,"", $B6) | AL6: =IF(COUNT(AH$5:AH$48)=0,"",MIN(AJ6+AK6,POINTS_CAP_W)) | AP6: =IF(COUNT(AN$5:AN$48)=0,"",IF(ISNUMBER(AN6),POINTS_CAP_W-AN6,0)) | AQ6: =IF(COUNT(AN$5:AN$48)=0,"", $B6) | AR6: =IF(COUNT(AN$5:AN$48)=0,"",MIN(AP6+AQ6,POINTS_CAP_W)) | AT6: =IF(F6="","",SUM(F6,L6,R6,X6,AD6,AJ6,AP6)) -> 23 | AU6: =IF(H6="","",SUM(H6,N6,T6,Z6,AF6,AL6,AR6)) -> 33
A7: Alex Joss | B7: 2 | D7: 3 | E7: 0.026782407 | F7: =IF(COUNT(D$5:D$48)=0,"",IF(ISNUMBER(D7),POINTS_CAP_W-D7,0)) -> 4 | G7: =IF(COUNT(D$5:D$48)=0,"", $B7) -> 2 | H7: =IF(COUNT(D$5:D$48)=0,"",MIN(F7+G7,POINTS_CAP_W)) -> 6 | J7: 3 | K7: 0.023298611 | L7: =IF(COUNT(J$5:J$48)=0,"",IF(ISNUMBER(J7),POINTS_CAP_W-J7,0)) -> 4 | M7: =IF(COUNT(J$5:J$48)=0,"", $B7) -> 2 | N7: =IF(COUNT(J$5:J$48)=0,"",MIN(L7+M7,POINTS_CAP_W)) -> 6 | P7: 2 | Q7: 0.036423611 | R7: =IF(COUNT(P$5:P$48)=0,"",IF(ISNUMBER(P7),POINTS_CAP_W-P7,0)) -> 5 | S7: =IF(COUNT(P$5:P$48)=0,"", $B7) -> 2 | T7: =IF(COUNT(P$5:P$48)=0,"",MIN(R7+S7,POINTS_CAP_W)) -> 7 | V7: 3 | W7: 0.024479167 | X7: =IF(COUNT(V$5:V$48)=0,"",IF(ISNUMBER(V7),POINTS_CAP_W-V7,0)) -> 4 | Y7: =IF(COUNT(V$5:V$48)=0,"", $B7) -> 2 | Z7: =IF(COUNT(V$5:V$48)=0,"",MIN(X7+Y7,POINTS_CAP_W)) -> 6 | AB7: 1 | AC7: 0.049444444 | AD7: =IF(COUNT(AB$5:AB$48)=0,"",IF(ISNUMBER(AB7),POINTS_CAP_W-AB7,0)) -> 6 | AE7: =IF(COUNT(AB$5:AB$48)=0,"", $B7) -> 2 | AF7: =IF(COUNT(AB$5:AB$48)=0,"",MIN(AD7+AE7,POINTS_CAP_W)) -> 7 | AJ7: =IF(COUNT(AH$5:AH$48)=0,"",IF(ISNUMBER(AH7),POINTS_CAP_W-AH7,0)) | AK7: =IF(COUNT(AH$5:AH$48)=0,"", $B7) | AL7: =IF(COUNT(AH$5:AH$48)=0,"",MIN(AJ7+AK7,POINTS_CAP_W)) | AP7: =IF(COUNT(AN$5:AN$48)=0,"",IF(ISNUMBER(AN7),POINTS_CAP_W-AN7,0)) | AQ7: =IF(COUNT(AN$5:AN$48)=0,"", $B7) | AR7: =IF(COUNT(AN$5:AN$48)=0,"",MIN(AP7+AQ7,POINTS_CAP_W)) | AT7: =IF(F7="","",SUM(F7,L7,R7,X7,AD7,AJ7,AP7)) -> 23 | AU7: =IF(H7="","",SUM(H7,N7,T7,Z7,AF7,AL7,AR7)) -> 32
A8: Alexandra Chuchu | B8: 4 | D8: 4 | E8: 0.029456019 | F8: =IF(COUNT(D$5:D$48)=0,"",IF(ISNUMBER(D8),POINTS_CAP_W-D8,0)) -> 3 | G8: =IF(COUNT(D$5:D$48)=0,"", $B8) -> 4 | H8: =IF(COUNT(D$5:D$48)=0,"",MIN(F8+G8,POINTS_CAP_W)) -> 7 | J8: 5 | K8: 0.026111111 | L8: =IF(COUNT(J$5:J$48)=0,"",IF(ISNUMBER(J8),POINTS_CAP_W-J8,0)) -> 2 | M8: =IF(COUNT(J$5:J$48)=0,"", $B8) -> 4 | N8: =IF(COUNT(J$5:J$48)=0,"",MIN(L8+M8,POINTS_CAP_W)) -> 6 | P8: 6 | Q8: 0.044270833 | R8: =IF(COUNT(P$5:P$48)=0,"",IF(ISNUMBER(P8),POINTS_CAP_W-P8,0)) -> 1 | S8: =IF(COUNT(P$5:P$48)=0,"", $B8) -> 4 | T8: =IF(COUNT(P$5:P$48)=0,"",MIN(R8+S8,POINTS_CAP_W)) -> 5 | V8: 6 | W8: 0.027488426 | X8: =IF(COUNT(V$5:V$48)=0,"",IF(ISNUMBER(V8),POINTS_CAP_W-V8,0)) -> 1 | Y8: =IF(COUNT(V$5:V$48)=0,"", $B8) -> 4 | Z8: =IF(COUNT(V$5:V$48)=0,"",MIN(X8+Y8,POINTS_CAP_W)) -> 5 | AB8: 5 | AC8: 0.06005787 | AD8: =IF(COUNT(AB$5:AB$48)=0,"",IF(ISNUMBER(AB8),POINTS_CAP_W-AB8,0)) -> 2 | AE8: =IF(COUNT(AB$5:AB$48)=0,"", $B8) -> 4 | AF8: =IF(COUNT(AB$5:AB$48)=0,"",MIN(AD8+AE8,POINTS_CAP_W)) -> 6 | AJ8: =IF(COUNT(AH$5:AH$48)=0,"",IF(ISNUMBER(AH8),POINTS_CAP_W-AH8,0)) | AK8: =IF(COUNT(AH$5:AH$48)=0,"", $B8) | AL8: =IF(COUNT(AH$5:AH$48)=0,"",MIN(AJ8+AK8,POINTS_CAP_W)) | AP8: =IF(COUNT(AN$5:AN$48)=0,"",IF(ISNUMBER(AN8),POINTS_CAP_W-AN8,0)) | AQ8: =IF(COUNT(AN$5:AN$48)=0,"", $B8) | AR8: =IF(COUNT(AN$5:AN$48)=0,"",MIN(AP8+AQ8,POINTS_CAP_W)) | AT8: =IF(F8="","",SUM(F8,L8,R8,X8,AD8,AJ8,AP8)) -> 9 | AU8: =IF(H8="","",SUM(H8,N8,T8,Z8,AF8,AL8,AR8)) -> 29
A9: Alessandra Scaduto | B9: 4 | D9: 5 | E9: 0.030138889 | F9: =IF(COUNT(D$5:D$48)=0,"",IF(ISNUMBER(D9),POINTS_CAP_W-D9,0)) -> 2 | G9: =IF(COUNT(D$5:D$48)=0,"", $B9) -> 4 | H9: =IF(COUNT(D$5:D$48)=0,"",MIN(F9+G9,POINTS_CAP_W)) -> 6 | J9: 4 | K9: 0.025046296 | L9: =IF(COUNT(J$5:J$48)=0,"",IF(ISNUMBER(J9),POINTS_CAP_W-J9,0)) -> 3 | M9: =IF(COUNT(J$5:J$48)=0,"", $B9) -> 4 | N9: =IF(COUNT(J$5:J$48)=0,"",MIN(L9+M9,POINTS_CAP_W)) -> 7 | P9: 4 | Q9: 0.042418981 | R9: =IF(COUNT(P$5:P$48)=0,"",IF(ISNUMBER(P9),POINTS_CAP_W-P9,0)) -> 3 | S9: =IF(COUNT(P$5:P$48)=0,"", $B9) -> 4 | T9: =IF(COUNT(P$5:P$48)=0,"",MIN(R9+S9,POINTS_CAP_W)) -> 7 | V9: 4 | W9: 0.026087963 | X9: =IF(COUNT(V$5:V$48)=0,"",IF(ISNUMBER(V9),POINTS_CAP_W-V9,0)) -> 3 | Y9: =IF(COUNT(V$5:V$48)=0,"", $B9) -> 4 | Z9: =IF(COUNT(V$5:V$48)=0,"",MIN(X9+Y9,POINTS_CAP_W)) -> 7 | AB9: 4 | AC9: 0.055243056 | AD9: =IF(COUNT(AB$5:AB$48)=0,"",IF(ISNUMBER(AB9),POINTS_CAP_W-AB9,0)) -> 3 | AE9: =IF(COUNT(AB$5:AB$48)=0,"", $B9) -> 4 | AF9: =IF(COUNT(AB$5:AB$48)=0,"",MIN(AD9+AE9,POINTS_CAP_W)) -> 7 | AJ9: =IF(COUNT(AH$5:AH$48)=0,"",IF(ISNUMBER(AH9),POINTS_CAP_W-AH9,0)) | AK9: =IF(COUNT(AH$5:AH$48)=0,"", $B9) | AL9: =IF(COUNT(AH$5:AH$48)=0,"",MIN(AJ9+AK9,POINTS_CAP_W)) | AP9: =IF(COUNT(AN$5:AN$48)=0,"",IF(ISNUMBER(AN9),POINTS_CAP_W-AN9,0)) | AQ9: =IF(COUNT(AN$5:AN$48)=0,"", $B9) | AR9: =IF(COUNT(AN$5:AN$48)=0,"",MIN(AP9+AQ9,POINTS_CAP_W)) | AT9: =IF(F9="","",SUM(F9,L9,R9,X9,AD9,AJ9,AP9)) -> 14 | AU9: =IF(H9="","",SUM(H9,N9,T9,Z9,AF9,AL9,AR9)) -> 34
A10: Patricia Vilar | B10: 4 | D10: 6 | E10: 0.032766204 | F10: =IF(COUNT(D$5:D$48)=0,"",IF(ISNUMBER(D10),POINTS_CAP_W-D10,0)) -> 1 | G10: =IF(COUNT(D$5:D$48)=0,"", $B10) -> 4 | H10: =IF(COUNT(D$5:D$48)=0,"",MIN(F10+G10,POINTS_CAP_W)) -> 5 | J10: 7 | K10: 0.026226852 | L10: =IF(COUNT(J$5:J$48)=0,"",IF(ISNUMBER(J10),POINTS_CAP_W-J10,0)) -> 0 | M10: =IF(COUNT(J$5:J$48)=0,"", $B10) -> 4 | N10: =IF(COUNT(J$5:J$48)=0,"",MIN(L10+M10,POINTS_CAP_W)) -> 4 | P10: 7 | Q10: 0.044849537 | R10: =IF(COUNT(P$5:P$48)=0,"",IF(ISNUMBER(P10),POINTS_CAP_W-P10,0)) -> 0 | S10: =IF(COUNT(P$5:P$48)=0,"", $B10) -> 4 | T10: =IF(COUNT(P$5:P$48)=0,"",MIN(R10+S10,POINTS_CAP_W)) -> 4 | V10: 7 | W10: 0.028078704 | X10: =IF(COUNT(V$5:V$48)=0,"",IF(ISNUMBER(V10),POINTS_CAP_W-V10,0)) -> 0 | Y10: =IF(COUNT(V$5:V$48)=0,"", $B10) -> 4 | Z10: =IF(COUNT(V$5:V$48)=0,"",MIN(X10+Y10,POINTS_CAP_W)) -> 4 | AB10: 7 | AC10: 0.063969907 | AD10: =IF(COUNT(AB$5:AB$48)=0,"",IF(ISNUMBER(AB10),POINTS_CAP_W-AB10,0)) -> 0 | AE10: =IF(COUNT(AB$5:AB$48)=0,"", $B10) -> 4 | AF10: =IF(COUNT(AB$5:AB$48)=0,"",MIN(AD10+AE10,POINTS_CAP_W)) -> 4 | AJ10: =IF(COUNT(AH$5:AH$48)=0,"",IF(ISNUMBER(AH10),POINTS_CAP_W-AH10,0)) | AK10: =IF(COUNT(AH$5:AH$48)=0,"", $B10) | AL10: =IF(COUNT(AH$5:AH$48)=0,"",MIN(AJ10+AK10,POINTS_CAP_W)) | AP10: =IF(COUNT(AN$5:AN$48)=0,"",IF(ISNUMBER(AN10),POINTS_CAP_W-AN10,0)) | AQ10: =IF(COUNT(AN$5:AN$48)=0,"", $B10) | AR10: =IF(COUNT(AN$5:AN$48)=0,"",MIN(AP10+AQ10,POINTS_CAP_W)) | AT10: =IF(F10="","",SUM(F10,L10,R10,X10,AD10,AJ10,AP10)) -> 1 | AU10: =IF(H10="","",SUM(H10,N10,T10,Z10,AF10,AL10,AR10)) -> 21
A11: Phoebe Macwhinnie | B11: 4 | D11: 7 | E11: 0.033101852 | F11: =IF(COUNT(D$5:D$48)=0,"",IF(ISNUMBER(D11),POINTS_CAP_W-D11,0)) -> 0 | G11: =IF(COUNT(D$5:D$48)=0,"", $B11) -> 4 | H11: =IF(COUNT(D$5:D$48)=0,"",MIN(F11+G11,POINTS_CAP_W)) -> 4 | J11: 6 | K11: 0.026168981 | L11: =IF(COUNT(J$5:J$48)=0,"",IF(ISNUMBER(J11),POINTS_CAP_W-J11,0)) -> 1 | M11: =IF(COUNT(J$5:J$48)=0,"", $B11) -> 4 | N11: =IF(COUNT(J$5:J$48)=0,"",MIN(L11+M11,POINTS_CAP_W)) -> 5 | P11: 5 | Q11: 0.043668981 | R11: =IF(COUNT(P$5:P$48)=0,"",IF(ISNUMBER(P11),POINTS_CAP_W-P11,0)) -> 2 | S11: =IF(COUNT(P$5:P$48)=0,"", $B11) -> 4 | T11: =IF(COUNT(P$5:P$48)=0,"",MIN(R11+S11,POINTS_CAP_W)) -> 6 | V11: 5 | W11: 0.027002315 | X11: =IF(COUNT(V$5:V$48)=0,"",IF(ISNUMBER(V11),POINTS_CAP_W-V11,0)) -> 2 | Y11: =IF(COUNT(V$5:V$48)=0,"", $B11) -> 4 | Z11: =IF(COUNT(V$5:V$48)=0,"",MIN(X11+Y11,POINTS_CAP_W)) -> 6 | AB11: 6 | AC11: 0.060428241 | AD11: =IF(COUNT(AB$5:AB$48)=0,"",IF(ISNUMBER(AB11),POINTS_CAP_W-AB11,0)) -> 1 | AE11: =IF(COUNT(AB$5:AB$48)=0,"", $B11) -> 4 | AF11: =IF(COUNT(AB$5:AB$48)=0,"",MIN(AD11+AE11,POINTS_CAP_W)) -> 5 | AJ11: =IF(COUNT(AH$5:AH$48)=0,"",IF(ISNUMBER(AH11),POINTS_CAP_W-AH11,0)) | AK11: =IF(COUNT(AH$5:AH$48)=0,"", $B11) | AL11: =IF(COUNT(AH$5:AH$48)=0,"",MIN(AJ11+AK11,POINTS_CAP_W)) | AP11: =IF(COUNT(AN$5:AN$48)=0,"",IF(ISNUMBER(AN11),POINTS_CAP_W-AN11,0)) | AQ11: =IF(COUNT(AN$5:AN$48)=0,"", $B11) | AR11: =IF(COUNT(AN$5:AN$48)=0,"",MIN(AP11+AQ11,POINTS_CAP_W)) | AT11: =IF(F11="","",SUM(F11,L11,R11,X11,AD11,AJ11,AP11)) -> 6 | AU11: =IF(H11="","",SUM(H11,N11,T11,Z11,AF11,AL11,AR11)) -> 26

Sheet Handicaps
A2: A1 | B2: 0 | D2: B1 | E2: 0
A3: A2 | B3: 6 | D3: B2 | E3: 8
A4: A3 | B4: 12 | D4: B2 | E4: 16
A5: A4 | B5: 18 | D5: B4 | E5: 22
A7: Cap (A) | B7: 30 | D7: Cap (B) | E7: 40

Sheet Results - A
A1: Overall | E1: Stage 1 | M1: Stage 2 | U1: Stage 3a | AC1: Stage 3b | AK1: Stage 4 | AS1: Stage 5 | BA1: Stage 6
A2: Position | B2: Name | C2: Total Points | E2: Rank | F2: Name | G2: Pos. | H2: Time | I2: Base Pts. | J2: Handicap | K2: Points | M2: Rank | N2: Name | O2: Pos. | P2: Time | Q2: Base Pts. | R2: Handicap | S2: Points | U2: Rank | V2: Name | W2: Pos. | X2: Time | Y2: Base Pts. | Z2: Handicap | AA2: Points | AC2: Rank | AD2: Name | AE2: Pos. | AF2: Time | AG2: Base Pts. | AH2: Handicap | AI2: Points | AK2: Rank | AL2: Name | AM2: Pos. | AN2: Time | AO2: Base Pts. | AP2: Handicap | AQ2: Points | AS2: Rank | AT2: Name | AU2: Pos. | AV2: Time | AW2: Base Pts. | AX2: Handicap | AY2: Points | BA2: Rank | BB2: Name | BC2: Pos. | BD2: Time | BE2: Base Pts. | BF2: Handicap | BG2: Points
A4: {=_xlfn.LET( _xlpm.r,ROW()-ROW($A$4)+1, _xlpm.n,ROWS(_xlfn.ANCHORARRAY($B$4)), IF(_xlpm.r>_xlpm.n,"", _xlfn.LET( _xlpm.this,INDEX(_xlfn.ANCHORARRAY($B$4),_xlpm.r,2), _xlpm.pts,INDEX(_xlfn.ANCHORARRAY($B$4),0,2), IF(_xlpm.this="","",1+COUNTIF(_xlpm.pts,">"&_xlpm.this)) ) ) )} -> 1 | B4: {=_xlfn.LET( _xlpm.names,'Stage Data - A'!$A$5:$A$48, _xlpm.total,'Stage Data - A'!$AU$5:$AU$48, _xlpm.data,_xlfn._xlws.FILTER(CHOOSE({1,2},_xlpm.names,_xlpm.total),_xlpm.names<>""), _xlfn.SORTBY(_xlpm.data,INDEX(_xlpm.data,,2),-1,INDEX(_xlpm.data,,1),1) )} -> Henrik Persson | C4: 150 | E4: {=_xlfn.LET( _xlpm.r,ROW()-ROW($E$4)+1, _xlpm.n,ROWS(_xlfn.ANCHORARRAY($F$4)), IF(_xlpm.r>_xlpm.n,"", _xlfn.LET( _xlpm.this,INDEX(_xlfn.ANCHORARRAY($F$4),_xlpm.r,6), _xlpm.pts,INDEX(_xlfn.ANCHORARRAY($F$4),0,6), IF(_xlpm.this="","",1+COUNTIF(_xlpm.pts,">"&_xlpm.this)) ) ) )} -> 1 | F4: {=_xlfn.LET( _xlpm.names,'Stage Data - A'!$A$5:$A$48, _xlpm.stpos,'Stage Data - A'!D$5:D$48, _xlpm.time,'Stage Data - A'!E$5:E$48, _xlpm.base,'Stage Data - A'!F$5:F$48, _xlpm.hdcp,'Stage Data - A'!G$5:G$48, _xlpm.adj,'Stage Data - A'!H$5:H$48, _xlpm.data,_xlfn._xlws.FILTER(CHOOSE({1,2,3,4,5,6},_xlpm.names,_xlpm.stpos,_xlpm.time,_xlpm.base,_xlpm.hdcp,_xlpm.adj), _xlpm.adj<>""), _xlfn.SORTBY(_xlpm.data, INDEX(_xlpm.data,,6), -1, INDEX(_xlpm.data,,1), 1) )} -> Chris Jenkins | G4: 7 | H4: 0.023865741 | I4: 24 | J4: 6 | K4: 30 | M4: {=_xlfn.LET( _xlpm.r,ROW()-ROW($M$4)+1, _xlpm.n,ROWS(_xlfn.ANCHORARRAY($N$4)), IF(_xlpm.r>_xlpm.n,"", _xlfn.LET( _xlpm.this,INDEX(_xlfn.ANCHORARRAY($N$4),_xlpm.r,6), _xlpm.pts,INDEX(_xlfn.ANCHORARRAY($N$4),0,6), IF(_xlpm.this="","",1+COUNTIF(_xlpm.pts,">"&_xlpm.this)) ) ) )} -> 1 | N4: {=_xlfn.LET( _xlpm.names,'Stage Data - A'!$A$5:$A$48, _xlpm.stpos,'Stage Data - A'!J$5:J$48, _xlpm.time,'Stage Data - A'!K$5:K$48, _xlpm.base,'Stage Data - A'!L$5:L$48, _xlpm.hdcp,'Stage Data - A'!M$5:M$48, _xlpm.adj,'Stage Data - A'!N$5:N$48, _xlpm.data,_xlfn._xlws.FILTER(CHOOSE({1,2,3,4,5,6},_xlpm.names,_xlpm.stpos,_xlpm.time,_xlpm.base,_xlpm.hdcp,_xlpm.adj), _xlpm.adj<>""), _xlfn.SORTBY(_xlpm.data, INDEX(_xlpm.data,,6), -1, INDEX(_xlpm.data,,1), 1) )} -> Henrik Persson | O4: 6 | P4: 0.020104167 | Q4: 25 | R4: 6 | S4: 30 | U4: {=_xlfn.LET( _xlpm.r,ROW()-ROW($U$4)+1, _xlpm.n,ROWS(_xlfn.ANCHORARRAY($V$4)), IF(_xlpm.r>_xlpm.n,"", _xlfn.LET( _xlpm.this,INDEX(_xlfn.ANCHORARRAY($V$4),_xlpm.r,6), _xlpm.pts,INDEX(_xlfn.ANCHORARRAY($V$4),0,6), IF(_xlpm.this="","",1+COUNTIF(_xlpm.pts,">"&_xlpm.this)) ) ) )} -> 1 | V4: {=_xlfn.LET( _xlpm.names,'Stage Data - A'!$A$5:$A$50, _xlpm.stpos,'Stage Data - A'!P$5:P$50, _xlpm.time,'Stage Data - A'!Q$5:Q$50, _xlpm.base,'Stage Data - A'!R$5:R$50, _xlpm.hdcp,'Stage Data - A'!S$5:S$50, _xlpm.adj,'Stage Data - A'!T$5:T$50, _xlpm.data,_xlfn._xlws.FILTER(CHOOSE({1,2,3,4,5,6},_xlpm.names,_xlpm.stpos,_xlpm.time,_xlpm.base,_xlpm.hdcp,_xlpm.adj), _xlpm.adj<>""), _xlfn.SORTBY(_xlpm.data, INDEX(_xlpm.data,,6), -1, INDEX(_xlpm.data,,1), 1) )} -> Henrik Persson | W4: 5 | X4: 0.030636574 | Y4: 26 | Z4: 6 | AA4: 30 | AC4: {=_xlfn.LET( _xlpm.r,ROW()-ROW($U$4)+1, _xlpm.n,ROWS(_xlfn.ANCHORARRAY($V$4)), IF(_xlpm.r>_xlpm.n,"", _xlfn.LET( _xlpm.this,INDEX(_xlfn.ANCHORARRAY($V$4),_xlpm.r,6), _xlpm.pts,INDEX(_xlfn.ANCHORARRAY($V$4),0,6), IF(_xlpm.this="","",1+COUNTIF(_xlpm.pts,">"&_xlpm.this)) ) ) )} -> 1 | AD4: {=_xlfn.LET( _xlpm.names,'Stage Data - A'!$A$5:$A$50, _xlpm.stpos,'Stage Data - A'!V$5:V$50, _xlpm.time,'Stage Data - A'!W$5:W$50, _xlpm.base,'Stage Data - A'!X$5:X$50, _xlpm.hdcp,'Stage Data - A'!Y$5:Y$50, _xlpm.adj,'Stage Data - A'!Z$5:Z$50, _xlpm.data,_xlfn._xlws.FILTER(CHOOSE({1,2,3,4,5,6},_xlpm.names,_xlpm.stpos,_xlpm.time,_xlpm.base,_xlpm.hdcp,_xlpm.adj), _xlpm.adj<>""), _xlfn.SORTBY(_xlpm.data, INDEX(_xlpm.data,,6), -1, INDEX(_xlpm.data,,1), 1) )} -> Alex Robertson | AE4: 10 | AF4: 0.021597222 | AG4: 21 | AH4: 12 | AI4: 30 | AK4: {=_xlfn.LET( _xlpm.r,ROW()-ROW($AK$4)+1, _xlpm.n,ROWS(_xlfn.ANCHORARRAY($AL$4)), IF(_xlpm.r>_xlpm.n,"", _xlfn.LET( _xlpm.this,INDEX(_xlfn.ANCHORARRAY($AL$4),_xlpm.r,6), _xlpm.pts,INDEX(_xlfn.ANCHORARRAY($AL$4),0,6), IF(_xlpm.this="","",1+COUNTIF(_xlpm.pts,">"&_xlpm.this)) ) ) )} -> 1 | AL4: {=_xlfn.LET( _xlpm.names,'Stage Data - A'!$A$5:$A$50, _xlpm.stpos,'Stage Data - A'!AB$5:AB$50, _xlpm.time,'Stage Data - A'!AC$5:AC$50, _xlpm.base,'Stage Data - A'!AD$5:AD$50, _xlpm.hdcp,'Stage Data - A'!AE$5:AE$50, _xlpm.adj,'Stage Data - A'!AF$5:AF$50, _xlpm.data,_xlfn._xlws.FILTER(CHOOSE({1,2,3,4,5,6},_xlpm.names,_xlpm.stpos,_xlpm.time,_xlpm.base,_xlpm.hdcp,_xlpm.adj), _xlpm.adj<>""), _xlfn.SORTBY(_xlpm.data, INDEX(_xlpm.data,,6), -1, INDEX(_xlpm.data,,1), 1) )} -> Henrik Persson | AM4: 5 | AN4: 0.042048611 | AO4: 26 | AP4: 6 | AQ4: 30 | AS4: {=_xlfn.LET( _xlpm.r,ROW()-ROW($AS$4)+1, _xlpm.n,ROWS(_xlfn.ANCHORARRAY($AT$4)), IF(_xlpm.r>_xlpm.n,"", _xlfn.LET( _xlpm.this,INDEX(_xlfn.ANCHORARRAY($AT$4),_xlpm.r,6), _xlpm.pts,INDEX(_xlfn.ANCHORARRAY($AT$4),0,6), IF(_xlpm.this="","",1+COUNTIF(_xlpm.pts,">"&_xlpm.this)) ) ) )} -> #REF! | AT4: {=_xlfn.LET( _xlpm.names,'Stage Data - A'!$A$5:$A$50, _xlpm.stpos,'Stage Data - A'!AH$5:AH$50, _xlpm.time,'Stage Data - A'!AI$5:AI$50, _xlpm.base,'Stage Data - A'!AJ$5:AJ$50, _xlpm.hdcp,'Stage Data - A'!AK$5:AK$50, _xlpm.adj,'Stage Data - A'!AL$5:AL$50, _xlpm.data,_xlfn._xlws.FILTER(CHOOSE({1,2,3,4,5,6},_xlpm.names,_xlpm.stpos,_xlpm.time,_xlpm.base,_xlpm.hdcp,_xlpm.adj), _xlpm.adj<>""), _xlfn.SORTBY(_xlpm.data, INDEX(_xlpm.data,,6), -1, INDEX(_xlpm.data,,1), 1) )} -> #VALUE! | BA4: {=_xlfn.LET( _xlpm.r,ROW()-ROW($BA$4)+1, _xlpm.n,ROWS(_xlfn.ANCHORARRAY($BB$4)), IF(_xlpm.r>_xlpm.n,"", _xlfn.LET( _xlpm.this,INDEX(_xlfn.ANCHORARRAY($BB$4),_xlpm.r,6), _xlpm.pts,INDEX(_xlfn.ANCHORARRAY($BB$4),0,6), IF(_xlpm.this="","",1+COUNTIF(_xlpm.pts,">"&_xlpm.this)) ) ) )} -> #REF! | BB4: {=_xlfn.LET( _xlpm.names,'Stage Data - A'!$A$5:$A$50, _xlpm.stpos,'Stage Data - A'!AN$5:AN$50, _xlpm.time,'Stage Data - A'!AO$5:AO$50, _xlpm.base,'Stage Data - A'!AP$5:AP$50, _xlpm.hdcp,'Stage Data - A'!AQ$5:AQ$50, _xlpm.adj,'Stage Data - A'!AR$5:AR$50, _xlpm.data,_xlfn._xlws.FILTER(CHOOSE({1,2,3,4,5,6},_xlpm.names,_xlpm.stpos,_xlpm.time,_xlpm.base,_xlpm.hdcp,_xlpm.adj), _xlpm.adj<>""), _xlfn.SORTBY(_xlpm.data, INDEX(_xlpm.data,,6), -1, INDEX(_xlpm.data,,1), 1) )} -> #VALUE!
A5: {=_xlfn.LET( _xlpm.r,ROW()-ROW($A$4)+1, _xlpm.n,ROWS(_xlfn.ANCHORARRAY($B$4)), IF(_xlpm.r>_xlpm.n,"", _xlfn.LET( _xlpm.this,INDEX(_xlfn.ANCHORARRAY($B$4),_xlpm.r,2), _xlpm.pts,INDEX(_xlfn.ANCHORARRAY($B$4),0,2), IF(_xlpm.this="","",1+COUNTIF(_xlpm.pts,">"&_xlpm.this)) ) ) )} -> 1 | B5: Matt de Freitas | C5: 150 | E5: {=_xlfn.LET( _xlpm.r,ROW()-ROW($E$4)+1, _xlpm.n,ROWS(_xlfn.ANCHORARRAY($F$4)), IF(_xlpm.r>_xlpm.n,"", _xlfn.LET( _xlpm.this,INDEX(_xlfn.ANCHORARRAY($F$4),_xlpm.r,6), _xlpm.pts,INDEX(_xlfn.ANCHORARRAY($F$4),0,6), IF(_xlpm.this="","",1+COUNTIF(_xlpm.pts,">"&_xlpm.this)) ) ) )} -> 1 | F5: Henrik Persson | G5: 6 | H5: 0.023831019 | I5: 25 | J5: 6 | K5: 30 | M5: {=_xlfn.LET( _xlpm.r,ROW()-ROW($M$4)+1, _xlpm.n,ROWS(_xlfn.ANCHORARRAY($N$4)), IF(_xlpm.r>_xlpm.n,"", _xlfn.LET( _xlpm.this,INDEX(_xlfn.ANCHORARRAY($N$4),_xlpm.r,6), _xlpm.pts,INDEX(_xlfn.ANCHORARRAY($N$4),0,6), IF(_xlpm.this="","",1+COUNTIF(_xlpm.pts,">"&_xlpm.this)) ) ) )} -> 1 | N5: James Armitage-Hobbs | O5: 13 | P5: 0.020428241 | Q5: 18 | R5: 12 | S5: 30 | U5: {=_xlfn.LET( _xlpm.r,ROW()-ROW($U$4)+1, _xlpm.n,ROWS(_xlfn.ANCHORARRAY($V$4)), IF(_xlpm.r>_xlpm.n,"", _xlfn.LET( _xlpm.this,INDEX(_xlfn.ANCHORARRAY($V$4),_xlpm.r,6), _xlpm.pts,INDEX(_xlfn.ANCHORARRAY($V$4),0,6), IF(_xlpm.this="","",1+COUNTIF(_xlpm.pts,">"&_xlpm.this)) ) ) )} -> 1 | V5: Judah Rand | W5: 1 | X5: 0.029606481 | Y5: 30 | Z5: 0 | AA5: 30 | AC5: {=_xlfn.LET( _xlpm.r,ROW()-ROW($U$4)+1, _xlpm.n,ROWS(_xlfn.ANCHORARRAY($V$4)), IF(_xlpm.r>_xlpm.n,"", _xlfn.LET( _xlpm.this,INDEX(_xlfn.ANCHORARRAY($V$4),_xlpm.r,6), _xlpm.pts,INDEX(_xlfn.ANCHORARRAY($V$4),0,6), IF(_xlpm.this="","",1+COUNTIF(_xlpm.pts,">"&_xlpm.this)) ) ) )} -> 1 | AD5: Henrik Persson | AE5: 6 | AF5: 0.021284722 | AG5: 25 | AH5: 6 | AI5: 30 | AK5: {=_xlfn.LET( _xlpm.r,ROW()-ROW($AK$4)+1, _xlpm.n,ROWS(_xlfn.ANCHORARRAY($AL$4)), IF(_xlpm.r>_xlpm.n,"", _xlfn.LET( _xlpm.this,INDEX(_xlfn.ANCHORARRAY($AL$4),_xlpm.r,6), _xlpm.pts,INDEX(_xlfn.ANCHORARRAY($AL$4),0,6), IF(_xlpm.this="","",1+COUNTIF(_xlpm.pts,">"&_xlpm.this)) ) ) )} -> 1 | AL5: Matt de Freitas | AM5: 3 | AN5: 0.041921296 | AO5: 28 | AP5: 6 | AQ5: 30 | AS5: {=_xlfn.LET( _xlpm.r,ROW()-ROW($AS$4)+1, _xlpm.n,ROWS(_xlfn.ANCHORARRAY($AT$4)), IF(_xlpm.r>_xlpm.n,"", _xlfn.LET( _xlpm.this,INDEX(_xlfn.ANCHORARRAY($AT$4),_xlpm.r,6), _xlpm.pts,INDEX(_xlfn.ANCHORARRAY($AT$4),0,6), IF(_xlpm.this="","",1+COUNTIF(_xlpm.pts,">"&_xlpm.this)) ) ) )} | BA5: {=_xlfn.LET( _xlpm.r,ROW()-ROW($BA$4)+1, _xlpm.n,ROWS(_xlfn.ANCHORARRAY($BB$4)), IF(_xlpm.r>_xlpm.n,"", _xlfn.LET( _xlpm.this,INDEX(_xlfn.ANCHORARRAY($BB$4),_xlpm.r,6), _xlpm.pts,INDEX(_xlfn.ANCHORARRAY($BB$4),0,6), IF(_xlpm.this="","",1+COUNTIF(_xlpm.pts,">"&_xlpm.this)) ) ) )}
A6: {=_xlfn.LET( _xlpm.r,ROW()-ROW($A$4)+1, _xlpm.n,ROWS(_xlfn.ANCHORARRAY($B$4)), IF(_xlpm.r>_xlpm.n,"", _xlfn.LET( _xlpm.this,INDEX(_xlfn.ANCHORARRAY($B$4),_xlpm.r,2), _xlpm.pts,INDEX(_xlfn.ANCHORARRAY($B$4),0,2), IF(_xlpm.this="","",1+COUNTIF(_xlpm.pts,">"&_xlpm.this)) ) ) )} -> 3 | B6: Judah Rand | C6: 147 | E6: {=_xlfn.LET( _xlpm.r,ROW()-ROW($E$4)+1, _xlpm.n,ROWS(_xlfn.ANCHORARRAY($F$4)), IF(_xlpm.r>_xlpm.n,"", _xlfn.LET( _xlpm.this,INDEX(_xlfn.ANCHORARRAY($F$4),_xlpm.r,6), _xlpm.pts,INDEX(_xlfn.ANCHORARRAY($F$4),0,6), IF(_xlpm.this="","",1+COUNTIF(_xlpm.pts,">"&_xlpm.this)) ) ) )} -> 1 | F6: Judah Rand | G6: 1 | H6: 0.023715278 | I6: 30 | J6: 0 | K6: 30 | M6: {=_xlfn.LET( _xlpm.r,ROW()-ROW($M$4)+1, _xlpm.n,ROWS(_xlfn.ANCHORARRAY($N$4)), IF(_xlpm.r>_xlpm.n,"", _xlfn.LET( _xlpm.this,INDEX(_xlfn.ANCHORARRAY($N$4),_xlpm.r,6), _xlpm.pts,INDEX(_xlfn.ANCHORARRAY($N$4),0,6), IF(_xlpm.this="","",1+COUNTIF(_xlpm.pts,">"&_xlpm.this)) ) ) )} -> 1 | N6: Matt de Freitas | O6: 5 | P6: 0.020081019 | Q6: 26 | R6: 6 | S6: 30 | U6: {=_xlfn.LET( _xlpm.r,ROW()-ROW($U$4)+1, _xlpm.n,ROWS(_xlfn.ANCHORARRAY($V$4)), IF(_xlpm.r>_xlpm.n,"", _xlfn.LET( _xlpm.this,INDEX(_xlfn.ANCHORARRAY($V$4),_xlpm.r,6), _xlpm.pts,INDEX(_xlfn.ANCHORARRAY($V$4),0,6), IF(_xlpm.this="","",1+COUNTIF(_xlpm.pts,">"&_xlpm.this)) ) ) )} -> 1 | V6: Matt de Freitas | W6: 6 | X6: 0.031122685 | Y6: 25 | Z6: 6 | AA6: 30 | AC6: {=_xlfn.LET( _xlpm.r,ROW()-ROW($U$4)+1, _xlpm.n,ROWS(_xlfn.ANCHORARRAY($V$4)), IF(_xlpm.r>_xlpm.n,"", _xlfn.LET( _xlpm.this,INDEX(_xlfn.ANCHORARRAY($V$4),_xlpm.r,6), _xlpm.pts,INDEX(_xlfn.ANCHORARRAY($V$4),0,6), IF(_xlpm.this="","",1+COUNTIF(_xlpm.pts,">"&_xlpm.this)) ) ) )} -> 1 | AD6: Judah Rand | AE6: 1 | AF6: 0.020729167 | AG6: 30 | AH6: 0 | AI6: 30 | AK6: {=_xlfn.LET( _xlpm.r,ROW()-ROW($AK$4)+1, _xlpm.n,ROWS(_xlfn.ANCHORARRAY($AL$4)), IF(_xlpm.r>_xlpm.n,"", _xlfn.LET( _xlpm.this,INDEX(_xlfn.ANCHORARRAY($AL$4),_xlpm.r,6), _xlpm.pts,INDEX(_xlfn.ANCHORARRAY($AL$4),0,6), IF(_xlpm.this="","",1+COUNTIF(_xlpm.pts,">"&_xlpm.this)) ) ) )} -> 1 | AL6: Tom Kennett | AM6: 1 | AN6: 0.041215278 | AO6: 30 | AP6: 0 | AQ6: 30 | AS6: {=_xlfn.LET( _xlpm.r,ROW()-ROW($AS$4)+1, _xlpm.n,ROWS(_xlfn.ANCHORARRAY($AT$4)), IF(_xlpm.r>_xlpm.n,"", _xlfn.LET( _xlpm.this,INDEX(_xlfn.ANCHORARRAY($AT$4),_xlpm.r,6), _xlpm.pts,INDEX(_xlfn.ANCHORARRAY($AT$4),0,6), IF(_xlpm.this="","",1+COUNTIF(_xlpm.pts,">"&_xlpm.this)) ) ) )} | BA6: {=_xlfn.LET( _xlpm.r,ROW()-ROW($BA$4)+1, _xlpm.n,ROWS(_xlfn.ANCHORARRAY($BB$4)), IF(_xlpm.r>_xlpm.n,"", _xlfn.LET( _xlpm.this,INDEX(_xlfn.ANCHORARRAY($BB$4),_xlpm.r,6), _xlpm.pts,INDEX(_xlfn.ANCHORARRAY($BB$4),0,6), IF(_xlpm.this="","",1+COUNTIF(_xlpm.pts,">"&_xlpm.this)) ) ) )}
A7: {=_xlfn.LET( _xlpm.r,ROW()-ROW($A$4)+1, _xlpm.n,ROWS(_xlfn.ANCHORARRAY($B$4)), IF(_xlpm.r>_xlpm.n,"", _xlfn.LET( _xlpm.this,INDEX(_xlfn.ANCHORARRAY($B$4),_xlpm.r,2), _xlpm.pts,INDEX(_xlfn.ANCHORARRAY($B$4),0,2), IF(_xlpm.this="","",1+COUNTIF(_xlpm.pts,">"&_xlpm.this)) ) ) )} -> 4 | B7: Tom Herbert | C7: 143 | E7: {=_xlfn.LET( _xlpm.r,ROW()-ROW($E$4)+1, _xlpm.n,ROWS(_xlfn.ANCHORARRAY($F$4)), IF(_xlpm.r>_xlpm.n,"", _xlfn.LET( _xlpm.this,INDEX(_xlfn.ANCHORARRAY($F$4),_xlpm.r,6), _xlpm.pts,INDEX(_xlfn.ANCHORARRAY($F$4),0,6), IF(_xlpm.this="","",1+COUNTIF(_xlpm.pts,">"&_xlpm.this)) ) ) )} -> 1 | F7: Matt de Freitas | G7: 3 | H7: 0.023726852 | I7: 28 | J7: 6 | K7: 30 | M7: {=_xlfn.LET( _xlpm.r,ROW()-ROW($M$4)+1, _xlpm.n,ROWS(_xlfn.ANCHORARRAY($N$4)), IF(_xlpm.r>_xlpm.n,"", _xlfn.LET( _xlpm.this,INDEX(_xlfn.ANCHORARRAY($N$4),_xlpm.r,6), _xlpm.pts,INDEX(_xlfn.ANCHORARRAY($N$4),0,6), IF(_xlpm.this="","",1+COUNTIF(_xlpm.pts,">"&_xlpm.this)) ) ) )} -> 1 | N7: Neil Grunshaw | O7: 7 | P7: 0.020104167 | Q7: 24 | R7: 6 | S7: 30 | U7: {=_xlfn.LET( _xlpm.r,ROW()-ROW($U$4)+1, _xlpm.n,ROWS(_xlfn.ANCHORARRAY($V$4)), IF(_xlpm.r>_xlpm.n,"", _xlfn.LET( _xlpm.this,INDEX(_xlfn.ANCHORARRAY($V$4),_xlpm.r,6), _xlpm.pts,INDEX(_xlfn.ANCHORARRAY($V$4),0,6), IF(_xlpm.this="","",1+COUNTIF(_xlpm.pts,">"&_xlpm.this)) ) ) )} -> 1 | V7: Neal Beauchamp | W7: 7 | X7: 0.031203704 | Y7: 24 | Z7: 6 | AA7: 30 | AC7: {=_xlfn.LET( _xlpm.r,ROW()-ROW($U$4)+1, _xlpm.n,ROWS(_xlfn.ANCHORARRAY($V$4)), IF(_xlpm.r>_xlpm.n,"", _xlfn.LET( _xlpm.this,INDEX(_xlfn.ANCHORARRAY($V$4),_xlpm.r,6), _xlpm.pts,INDEX(_xlfn.ANCHORARRAY($V$4),0,6), IF(_xlpm.this="","",1+COUNTIF(_xlpm.pts,">"&_xlpm.this)) ) ) )} -> 1 | AD7: Matt de Freitas | AE7: 2 | AF7: 0.020798611 | AG7: 29 | AH7: 6 | AI7: 30 | AK7: {=_xlfn.LET( _xlpm.r,ROW()-ROW($AK$4)+1, _xlpm.n,ROWS(_xlfn.ANCHORARRAY($AL$4)), IF(_xlpm.r>_xlpm.n,"", _xlfn.LET( _xlpm.this,INDEX(_xlfn.ANCHORARRAY($AL$4),_xlpm.r,6), _xlpm.pts,INDEX(_xlfn.ANCHORARRAY($AL$4),0,6), IF(_xlpm.this="","",1+COUNTIF(_xlpm.pts,">"&_xlpm.this)) ) ) )} -> 4 | AL7: James Bowden | AM7: 14 | AN7: 0.045231481 | AO7: 17 | AP7: 12 | AQ7: 29 | AS7: {=_xlfn.LET( _xlpm.r,ROW()-ROW($AS$4)+1, _xlpm.n,ROWS(_xlfn.ANCHORARRAY($AT$4)), IF(_xlpm.r>_xlpm.n,"", _xlfn.LET( _xlpm.this,INDEX(_xlfn.ANCHORARRAY($AT$4),_xlpm.r,6), _xlpm.pts,INDEX(_xlfn.ANCHORARRAY($AT$4),0,6), IF(_xlpm.this="","",1+COUNTIF(_xlpm.pts,">"&_xlpm.this)) ) ) )} | BA7: {=_xlfn.LET( _xlpm.r,ROW()-ROW($BA$4)+1, _xlpm.n,ROWS(_xlfn.ANCHORARRAY($BB$4)), IF(_xlpm.r>_xlpm.n,"", _xlfn.LET( _xlpm.this,INDEX(_xlfn.ANCHORARRAY($BB$4),_xlpm.r,6), _xlpm.pts,INDEX(_xlfn.ANCHORARRAY($BB$4),0,6), IF(_xlpm.this="","",1+COUNTIF(_xlpm.pts,">"&_xlpm.this)) ) ) )}
A8: {=_xlfn.LET( _xlpm.r,ROW()-ROW($A$4)+1, _xlpm.n,ROWS(_xlfn.ANCHORARRAY($B$4)), IF(_xlpm.r>_xlpm.n,"", _xlfn.LET( _xlpm.this,INDEX(_xlfn.ANCHORARRAY($B$4),_xlpm.r,2), _xlpm.pts,INDEX(_xlfn.ANCHORARRAY($B$4),0,2), IF(_xlpm.this="","",1+COUNTIF(_xlpm.pts,">"&_xlpm.this)) ) ) )} -> 5 | B8: Neil Grunshaw | C8: 141 | E8: {=_xlfn.LET( _xlpm.r,ROW()-ROW($E$4)+1, _xlpm.n,ROWS(_xlfn.ANCHORARRAY($F$4)), IF(_xlpm.r>_xlpm.n,"", _xlfn.LET( _xlpm.this,INDEX(_xlfn.ANCHORARRAY($F$4),_xlpm.r,6), _xlpm.pts,INDEX(_xlfn.ANCHORARRAY($F$4),0,6), IF(_xlpm.this="","",1+COUNTIF(_xlpm.pts,">"&_xlpm.this)) ) ) )} -> 5 | F8: David Wong | G8: 14 | H8: 0.024768519 | I8: 17 | J8: 12 | K8: 29 | M8: {=_xlfn.LET( _xlpm.r,ROW()-ROW($M$4)+1, _xlpm.n,ROWS(_xlfn.ANCHORARRAY($N$4)), IF(_xlpm.r>_xlpm.n,"", _xlfn.LET( _xlpm.this,INDEX(_xlfn.ANCHORARRAY($N$4),_xlpm.r,6), _xlpm.pts,INDEX(_xlfn.ANCHORARRAY($N$4),0,6), IF(_xlpm.this="","",1+COUNTIF(_xlpm.pts,">"&_xlpm.this)) ) ) )} -> 1 | N8: Raif Oz | O8: 1 | P8: 0.019965278 | Q8: 30 | R8: 0 | S8: 30 | U8: {=_xlfn.LET( _xlpm.r,ROW()-ROW($U$4)+1, _xlpm.n,ROWS(_xlfn.ANCHORARRAY($V$4)), IF(_xlpm.r>_xlpm.n,"", _xlfn.LET( _xlpm.this,INDEX(_xlfn.ANCHORARRAY($V$4),_xlpm.r,6), _xlpm.pts,INDEX(_xlfn.ANCHORARRAY($V$4),0,6), IF(_xlpm.this="","",1+COUNTIF(_xlpm.pts,">"&_xlpm.this)) ) ) )} -> 5 | V8: Chris Jenkins | W8: 8 | X8: 0.031238426 | Y8: 23 | Z8: 6 | AA8: 29 | AC8: {=_xlfn.LET( _xlpm.r,ROW()-ROW($U$4)+1, _xlpm.n,ROWS(_xlfn.ANCHORARRAY($V$4)), IF(_xlpm.r>_xlpm.n,"", _xlfn.LET( _xlpm.this,INDEX(_xlfn.ANCHORARRAY($V$4),_xlpm.r,6), _xlpm.pts,INDEX(_xlfn.ANCHORARRAY($V$4),0,6), IF(_xlpm.this="","",1+COUNTIF(_xlpm.pts,">"&_xlpm.this)) ) ) )} -> 5 | AD8: Neil Grunshaw | AE8: 4 | AF8: 0.020914352 | AG8: 27 | AH8: 6 | AI8: 30 | AK8: {=_xlfn.LET( _xlpm.r,ROW()-ROW($AK$4)+1, _xlpm.n,ROWS(_xlfn.ANCHORARRAY($AL$4)), IF(_xlpm.r>_xlpm.n,"", _xlfn.LET( _xlpm.this,INDEX(_xlfn.ANCHORARRAY($AL$4),_xlpm.r,6), _xlpm.pts,INDEX(_xlfn.ANCHORARRAY($AL$4),0,6), IF(_xlpm.this="","",1+COUNTIF(_xlpm.pts,">"&_xlpm.this)) ) ) )} -> 4 | AL8: Judah Rand | AM8: 2 | AN8: 0.041724537 | AO8: 29 | AP8: 0 | AQ8: 29 | AS8: {=_xlfn.LET( _xlpm.r,ROW()-ROW($AS$4)+1, _xlpm.n,ROWS(_xlfn.ANCHORARRAY($AT$4)), IF(_xlpm.r>_xlpm.n,"", _xlfn.LET( _xlpm.this,INDEX(_xlfn.ANCHORARRAY($AT$4),_xlpm.r,6), _xlpm.pts,INDEX(_xlfn.ANCHORARRAY($AT$4),0,6), IF(_xlpm.this="","",1+COUNTIF(_xlpm.pts,">"&_xlpm.this)) ) ) )} | BA8: {=_xlfn.LET( _xlpm.r,ROW()-ROW($BA$4)+1, _xlpm.n,ROWS(_xlfn.ANCHORARRAY($BB$4)), IF(_xlpm.r>_xlpm.n,"", _xlfn.LET( _xlpm.this,INDEX(_xlfn.ANCHORARRAY($BB$4),_xlpm.r,6), _xlpm.pts,INDEX(_xlfn.ANCHORARRAY($BB$4),0,6), IF(_xlpm.this="","",1+COUNTIF(_xlpm.pts,">"&_xlpm.this)) ) ) )}
A9: {=_xlfn.LET( _xlpm.r,ROW()-ROW($A$4)+1, _xlpm.n,ROWS(_xlfn.ANCHORARRAY($B$4)), IF(_xlpm.r>_xlpm.n,"", _xlfn.LET( _xlpm.this,INDEX(_xlfn.ANCHORARRAY($B$4),_xlpm.r,2), _xlpm.pts,INDEX(_xlfn.ANCHORARRAY($B$4),0,2), IF(_xlpm.this="","",1+COUNTIF(_xlpm.pts,">"&_xlpm.this)) ) ) )} -> 5 | B9: Tom Kennett | C9: 141 | E9: {=_xlfn.LET( _xlpm.r,ROW()-ROW($E$4)+1, _xlpm.n,ROWS(_xlfn.ANCHORARRAY($F$4)), IF(_xlpm.r>_xlpm.n,"", _xlfn.LET( _xlpm.this,INDEX(_xlfn.ANCHORARRAY($F$4),_xlpm.r,6), _xlpm.pts,INDEX(_xlfn.ANCHORARRAY($F$4),0,6), IF(_xlpm.this="","",1+COUNTIF(_xlpm.pts,">"&_xlpm.this)) ) ) )} -> 5 | F9: Seb Ashton | G9: 2 | H9: 0.023726852 | I9: 29 | J9: 0 | K9: 29 | M9: {=_xlfn.LET( _xlpm.r,ROW()-ROW($M$4)+1, _xlpm.n,ROWS(_xlfn.ANCHORARRAY($N$4)), IF(_xlpm.r>_xlpm.n,"", _xlfn.LET( _xlpm.this,INDEX(_xlfn.ANCHORARRAY($N$4),_xlpm.r,6), _xlpm.pts,INDEX(_xlfn.ANCHORARRAY($N$4),0,6), IF(_xlpm.this="","",1+COUNTIF(_xlpm.pts,">"&_xlpm.this)) ) ) )} -> 6 | N9: Chris Jenkins | O9: 8 | P9: 0.020277778 | Q9: 23 | R9: 6 | S9: 29 | U9: {=_xlfn.LET( _xlpm.r,ROW()-ROW($U$4)+1, _xlpm.n,ROWS(_xlfn.ANCHORARRAY($V$4)), IF(_xlpm.r>_xlpm.n,"", _xlfn.LET( _xlpm.this,INDEX(_xlfn.ANCHORARRAY($V$4),_xlpm.r,6), _xlpm.pts,INDEX(_xlfn.ANCHORARRAY($V$4),0,6), IF(_xlpm.this="","",1+COUNTIF(_xlpm.pts,">"&_xlpm.this)) ) ) )} -> 5 | V9: David Wong | W9: 14 | X9: 0.032569444 | Y9: 17 | Z9: 12 | AA9: 29 | AC9: {=_xlfn.LET( _xlpm.r,ROW()-ROW($U$4)+1, _xlpm.n,ROWS(_xlfn.ANCHORARRAY($V$4)), IF(_xlpm.r>_xlpm.n,"", _xlfn.LET( _xlpm.this,INDEX(_xlfn.ANCHORARRAY($V$4),_xlpm.r,6), _xlpm.pts,INDEX(_xlfn.ANCHORARRAY($V$4),0,6), IF(_xlpm.this="","",1+COUNTIF(_xlpm.pts,">"&_xlpm.this)) ) ) )} -> 5 | AD9: Tom Herbert | AE9: 7 | AF9: 0.021435185 | AG9: 24 | AH9: 6 | AI9: 30 | AK9: {=_xlfn.LET( _xlpm.r,ROW()-ROW($AK$4)+1, _xlpm.n,ROWS(_xlfn.ANCHORARRAY($AL$4)), IF(_xlpm.r>_xlpm.n,"", _xlfn.LET( _xlpm.this,INDEX(_xlfn.ANCHORARRAY($AL$4),_xlpm.r,6), _xlpm.pts,INDEX(_xlfn.ANCHORARRAY($AL$4),0,6), IF(_xlpm.this="","",1+COUNTIF(_xlpm.pts,">"&_xlpm.this)) ) ) )} -> 4 | AL9: Neil Grunshaw | AM9: 8 | AN9: 0.043252315 | AO9: 23 | AP9: 6 | AQ9: 29 | AS9: {=_xlfn.LET( _xlpm.r,ROW()-ROW($AS$4)+1, _xlpm.n,ROWS(_xlfn.ANCHORARRAY($AT$4)), IF(_xlpm.r>_xlpm.n,"", _xlfn.LET( _xlpm.this,INDEX(_xlfn.ANCHORARRAY($AT$4),_xlpm.r,6), _xlpm.pts,INDEX(_xlfn.ANCHORARRAY($AT$4),0,6), IF(_xlpm.this="","",1+COUNTIF(_xlpm.pts,">"&_xlpm.this)) ) ) )} | BA9: {=_xlfn.LET( _xlpm.r,ROW()-ROW($BA$4)+1, _xlpm.n,ROWS(_xlfn.ANCHORARRAY($BB$4)), IF(_xlpm.r>_xlpm.n,"", _xlfn.LET( _xlpm.this,INDEX(_xlfn.ANCHORARRAY($BB$4),_xlpm.r,6), _xlpm.pts,INDEX(_xlfn.ANCHORARRAY($BB$4),0,6), IF(_xlpm.this="","",1+COUNTIF(_xlpm.pts,">"&_xlpm.this)) ) ) )}
A10: {=_xlfn.LET( _xlpm.r,ROW()-ROW($A$4)+1, _xlpm.n,ROWS(_xlfn.ANCHORARRAY($B$4)), IF(_xlpm.r>_xlpm.n,"", _xlfn.LET( _xlpm.this,INDEX(_xlfn.ANCHORARRAY($B$4),_xlpm.r,2), _xlpm.pts,INDEX(_xlfn.ANCHORARRAY($B$4),0,2), IF(_xlpm.this="","",1+COUNTIF(_xlpm.pts,">"&_xlpm.this)) ) ) )} -> 7 | B10: David Wong | C10: 139 | E10: {=_xlfn.LET( _xlpm.r,ROW()-ROW($E$4)+1, _xlpm.n,ROWS(_xlfn.ANCHORARRAY($F$4)), IF(_xlpm.r>_xlpm.n,"", _xlfn.LET( _xlpm.this,INDEX(_xlfn.ANCHORARRAY($F$4),_xlpm.r,6), _xlpm.pts,INDEX(_xlfn.ANCHORARRAY($F$4),0,6), IF(_xlpm.this="","",1+COUNTIF(_xlpm.pts,">"&_xlpm.this)) ) ) )} -> 5 | F10: Tom Herbert | G10: 8 | H10: 0.023912037 | I10: 23 | J10: 6 | K10: 29 | M10: {=_xlfn.LET( _xlpm.r,ROW()-ROW($M$4)+1, _xlpm.n,ROWS(_xlfn.ANCHORARRAY($N$4)), IF(_xlpm.r>_xlpm.n,"", _xlfn.LET( _xlpm.this,INDEX(_xlfn.ANCHORARRAY($N$4),_xlpm.r,6), _xlpm.pts,INDEX(_xlfn.ANCHORARRAY($N$4),0,6), IF(_xlpm.this="","",1+COUNTIF(_xlpm.pts,">"&_xlpm.this)) ) ) )} -> 6 | N10: Eamon Mason | O10: 14 | P10: 0.020625 | Q10: 17 | R10: 12 | S10: 29 | U10: {=_xlfn.LET( _xlpm.r,ROW()-ROW($U$4)+1, _xlpm.n,ROWS(_xlfn.ANCHORARRAY($V$4)), IF(_xlpm.r>_xlpm.n,"", _xlfn.LET( _xlpm.this,INDEX(_xlfn.ANCHORARRAY($V$4),_xlpm.r,6), _xlpm.pts,INDEX(_xlfn.ANCHORARRAY($V$4),0,6), IF(_xlpm.this="","",1+COUNTIF(_xlpm.pts,">"&_xlpm.this)) ) ) )} -> 5 | V10: Seb Ashton | W10: 2 | X10: 0.029606481 | Y10: 29 | Z10: 0 | AA10: 29 | AC10: {=_xlfn.LET( _xlpm.r,ROW()-ROW($U$4)+1, _xlpm.n,ROWS(_xlfn.ANCHORARRAY($V$4)), IF(_xlpm.r>_xlpm.n,"", _xlfn.LET( _xlpm.this,INDEX(_xlfn.ANCHORARRAY($V$4),_xlpm.r,6), _xlpm.pts,INDEX(_xlfn.ANCHORARRAY($V$4),0,6), IF(_xlpm.this="","",1+COUNTIF(_xlpm.pts,">"&_xlpm.this)) ) ) )} -> 5 | AD10: James Bowden | AE10: 14 | AF10: 0.021898148 | AG10: 17 | AH10: 12 | AI10: 29 | AK10: {=_xlfn.LET( _xlpm.r,ROW()-ROW($AK$4)+1, _xlpm.n,ROWS(_xlfn.ANCHORARRAY($AL$4)), IF(_xlpm.r>_xlpm.n,"", _xlfn.LET( _xlpm.this,INDEX(_xlfn.ANCHORARRAY($AL$4),_xlpm.r,6), _xlpm.pts,INDEX(_xlfn.ANCHORARRAY($AL$4),0,6), IF(_xlpm.this="","",1+COUNTIF(_xlpm.pts,">"&_xlpm.this)) ) ) )} -> 7 | AL10: Alex Robertson | AM10: 15 | AN10: 0.04525463 | AO10: 16 | AP10: 12 | AQ10: 28 | AS10: {=_xlfn.LET( _xlpm.r,ROW()-ROW($AS$4)+1, _xlpm.n,ROWS(_xlfn.ANCHORARRAY($AT$4)), IF(_xlpm.r>_xlpm.n,"", _xlfn.LET( _xlpm.this,INDEX(_xlfn.ANCHORARRAY($AT$4),_xlpm.r,6), _xlpm.pts,INDEX(_xlfn.ANCHORARRAY($AT$4),0,6), IF(_xlpm.this="","",1+COUNTIF(_xlpm.pts,">"&_xlpm.this)) ) ) )} | BA10: {=_xlfn.LET( _xlpm.r,ROW()-ROW($BA$4)+1, _xlpm.n,ROWS(_xlfn.ANCHORARRAY($BB$4)), IF(_xlpm.r>_xlpm.n,"", _xlfn.LET( _xlpm.this,INDEX(_xlfn.ANCHORARRAY($BB$4),_xlpm.r,6), _xlpm.pts,INDEX(_xlfn.ANCHORARRAY($BB$4),0,6), IF(_xlpm.this="","",1+COUNTIF(_xlpm.pts,">"&_xlpm.this)) ) ) )}
A11: {=_xlfn.LET( _xlpm.r,ROW()-ROW($A$4)+1, _xlpm.n,ROWS(_xlfn.ANCHORARRAY($B$4)), IF(_xlpm.r>_xlpm.n,"", _xlfn.LET( _xlpm.this,INDEX(_xlfn.ANCHORARRAY($B$4),_xlpm.r,2), _xlpm.pts,INDEX(_xlfn.ANCHORARRAY($B$4),0,2), IF(_xlpm.this="","",1+COUNTIF(_xlpm.pts,">"&_xlpm.this)) ) ) )} -> 8 | B11: Chris Jenkins | C11: 138 | E11: {=_xlfn.LET( _xlpm.r,ROW()-ROW($E$4)+1, _xlpm.n,ROWS(_xlfn.ANCHORARRAY($F$4)), IF(_xlpm.r>_xlpm.n,"", _xlfn.LET( _xlpm.this,INDEX(_xlfn.ANCHORARRAY($F$4),_xlpm.r,6), _xlpm.pts,INDEX(_xlfn.ANCHORARRAY($F$4),0,6), IF(_xlpm.this="","",1+COUNTIF(_xlpm.pts,">"&_xlpm.this)) ) ) )} -> 8 | F11: Neil Grunshaw | G11: 9 | H11: 0.024016204 | I11: 22 | J11: 6 | K11: 28 | M11: {=_xlfn.LET( _xlpm.r,ROW()-ROW($M$4)+1, _xlpm.n,ROWS(_xlfn.ANCHORARRAY($N$4)), IF(_xlpm.r>_xlpm.n,"", _xlfn.LET( _xlpm.this,INDEX(_xlfn.ANCHORARRAY($N$4),_xlpm.r,6), _xlpm.pts,INDEX(_xlfn.ANCHORARRAY($N$4),0,6), IF(_xlpm.this="","",1+COUNTIF(_xlpm.pts,">"&_xlpm.this)) ) ) )} -> 6 | N11: Tom Kennett | O11: 2 | P11: 0.019965278 | Q11: 29 | R11: 0 | S11: 29 | U11: {=_xlfn.LET( _xlpm.r,ROW()-ROW($U$4)+1, _xlpm.n,ROWS(_xlfn.ANCHORARRAY($V$4)), IF(_xlpm.r>_xlpm.n,"", _xlfn.LET( _xlpm.this,INDEX(_xlfn.ANCHORARRAY($V$4),_xlpm.r,6), _xlpm.pts,INDEX(_xlfn.ANCHORARRAY($V$4),0,6), IF(_xlpm.this="","",1+COUNTIF(_xlpm.pts,">"&_xlpm.this)) ) ) )} -> 8 | V11: Gordon Reid | W11: 15 | X11: 0.032847222 | Y11: 16 | Z11: 12 | AA11: 28 | AC11: {=_xlfn.LET( _xlpm.r,ROW()-ROW($U$4)+1, _xlpm.n,ROWS(_xlfn.ANCHORARRAY($V$4)), IF(_xlpm.r>_xlpm.n,"", _xlfn.LET( _xlpm.this,INDEX(_xlfn.ANCHORARRAY($V$4),_xlpm.r,6), _xlpm.pts,INDEX(_xlfn.ANCHORARRAY($V$4),0,6), IF(_xlpm.this="","",1+COUNTIF(_xlpm.pts,">"&_xlpm.this)) ) ) )} -> 8 | AD11: Neal Beauchamp | AE11: 8 | AF11: 0.035358796 | AG11: 23 | AH11: 6 | AI11: 29 | AK11: {=_xlfn.LET( _xlpm.r,ROW()-ROW($AK$4)+1, _xlpm.n,ROWS(_xlfn.ANCHORARRAY($AL$4)), IF(_xlpm.r>_xlpm.n,"", _xlfn.LET( _xlpm.this,INDEX(_xlfn.ANCHORARRAY($AL$4),_xlpm.r,6), _xlpm.pts,INDEX(_xlfn.ANCHORARRAY($AL$4),0,6), IF(_xlpm.this="","",1+COUNTIF(_xlpm.pts,">"&_xlpm.this)) ) ) )} -> 7 | AL11: Tom Herbert | AM11: 9 | AN11: 0.044155093 | AO11: 22 | AP11: 6 | AQ11: 28 | AS11: {=_xlfn.LET( _xlpm.r,ROW()-ROW($AS$4)+1, _xlpm.n,ROWS(_xlfn.ANCHORARRAY($AT$4)), IF(_xlpm.r>_xlpm.n,"", _xlfn.LET( _xlpm.this,INDEX(_xlfn.ANCHORARRAY($AT$4),_xlpm.r,6), _xlpm.pts,INDEX(_xlfn.ANCHORARRAY($AT$4),0,6), IF(_xlpm.this="","",1+COUNTIF(_xlpm.pts,">"&_xlpm.this)) ) ) )} | BA11: {=_xlfn.LET( _xlpm.r,ROW()-ROW($BA$4)+1, _xlpm.n,ROWS(_xlfn.ANCHORARRAY($BB$4)), IF(_xlpm.r>_xlpm.n,"", _xlfn.LET( _xlpm.this,INDEX(_xlfn.ANCHORARRAY($BB$4),_xlpm.r,6), _xlpm.pts,INDEX(_xlfn.ANCHORARRAY($BB$4),0,6), IF(_xlpm.this="","",1+COUNTIF(_xlpm.pts,">"&_xlpm.this)) ) ) )}
A12: {=_xlfn.LET( _xlpm.r,ROW()-ROW($A$4)+1, _xlpm.n,ROWS(_xlfn.ANCHORARRAY($B$4)), IF(_xlpm.r>_xlpm.n,"", _xlfn.LET( _xlpm.this,INDEX(_xlfn.ANCHORARRAY($B$4),_xlpm.r,2), _xlpm.pts,INDEX(_xlfn.ANCHORARRAY($B$4),0,2), IF(_xlpm.this="","",1+COUNTIF(_xlpm.pts,">"&_xlpm.this)) ) ) )} -> 8 | B12: Neal Beauchamp | C12: 138 | E12: {=_xlfn.LET( _xlpm.r,ROW()-ROW($E$4)+1, _xlpm.n,ROWS(_xlfn.ANCHORARRAY($F$4)), IF(_xlpm.r>_xlpm.n,"", _xlfn.LET( _xlpm.this,INDEX(_xlfn.ANCHORARRAY($F$4),_xlpm.r,6), _xlpm.pts,INDEX(_xlfn.ANCHORARRAY($F$4),0,6), IF(_xlpm.this="","",1+COUNTIF(_xlpm.pts,">"&_xlpm.this)) ) ) )} -> 9 | F12: Bill McClatchie | G12: 16 | H12: 0.024976852 | I12: 15 | J12: 12 | K12: 27 | M12: {=_xlfn.LET( _xlpm.r,ROW()-ROW($M$4)+1, _xlpm.n,ROWS(_xlfn.ANCHORARRAY($N$4)), IF(_xlpm.r>_xlpm.n,"", _xlfn.LET( _xlpm.this,INDEX(_xlfn.ANCHORARRAY($N$4),_xlpm.r,6), _xlpm.pts,INDEX(_xlfn.ANCHORARRAY($N$4),0,6), IF(_xlpm.this="","",1+COUNTIF(_xlpm.pts,">"&_xlpm.this)) ) ) )} -> 9 | N12: David Wong | O12: 15 | P12: 0.020763889 | Q12: 16 | R12: 12 | S12: 28 | U12: {=_xlfn.LET( _xlpm.r,ROW()-ROW($U$4)+1, _xlpm.n,ROWS(_xlfn.ANCHORARRAY($V$4)), IF(_xlpm.r>_xlpm.n,"", _xlfn.LET( _xlpm.this,INDEX(_xlfn.ANCHORARRAY($V$4),_xlpm.r,6), _xlpm.pts,INDEX(_xlfn.ANCHORARRAY($V$4),0,6), IF(_xlpm.this="","",1+COUNTIF(_xlpm.pts,">"&_xlpm.this)) ) ) )} -> 8 | V12: Raif Oz | W12: 3 | X12: 0.030173611 | Y12: 28 | Z12: 0 | AA12: 28 | AC12: {=_xlfn.LET( _xlpm.r,ROW()-ROW($U$4)+1, _xlpm.n,ROWS(_xlfn.ANCHORARRAY($V$4)), IF(_xlpm.r>_xlpm.n,"", _xlfn.LET( _xlpm.this,INDEX(_xlfn.ANCHORARRAY($V$4),_xlpm.r,6), _xlpm.pts,INDEX(_xlfn.ANCHORARRAY($V$4),0,6), IF(_xlpm.this="","",1+COUNTIF(_xlpm.pts,">"&_xlpm.this)) ) ) )} -> 8 | AD12: Alex Tate | AE12: 15 | AF12: 0.022048611 | AG12: 16 | AH12: 12 | AI12: 28 | AK12: {=_xlfn.LET( _xlpm.r,ROW()-ROW($AK$4)+1, _xlpm.n,ROWS(_xlfn.ANCHORARRAY($AL$4)), IF(_xlpm.r>_xlpm.n,"", _xlfn.LET( _xlpm.this,INDEX(_xlfn.ANCHORARRAY($AL$4),_xlpm.r,6), _xlpm.pts,INDEX(_xlfn.ANCHORARRAY($AL$4),0,6), IF(_xlpm.this="","",1+COUNTIF(_xlpm.pts,">"&_xlpm.this)) ) ) )} -> 9 | AL12: David Wong | AM12: 16 | AN12: 0.045289352 | AO12: 15 | AP12: 12 | AQ12: 27 | AS12: {=_xlfn.LET( _xlpm.r,ROW()-ROW($AS$4)+1, _xlpm.n,ROWS(_xlfn.ANCHORARRAY($AT$4)), IF(_xlpm.r>_xlpm.n,"", _xlfn.LET( _xlpm.this,INDEX(_xlfn.ANCHORARRAY($AT$4),_xlpm.r,6), _xlpm.pts,INDEX(_xlfn.ANCHORARRAY($AT$4),0,6), IF(_xlpm.this="","",1+COUNTIF(_xlpm.pts,">"&_xlpm.this)) ) ) )} | BA12: {=_xlfn.LET( _xlpm.r,ROW()-ROW($BA$4)+1, _xlpm.n,ROWS(_xlfn.ANCHORARRAY($BB$4)), IF(_xlpm.r>_xlpm.n,"", _xlfn.LET( _xlpm.this,INDEX(_xlfn.ANCHORARRAY($BB$4),_xlpm.r,6), _xlpm.pts,INDEX(_xlfn.ANCHORARRAY($BB$4),0,6), IF(_xlpm.this="","",1+COUNTIF(_xlpm.pts,">"&_xlpm.this)) ) ) )}
A13: {=_xlfn.LET( _xlpm.r,ROW()-ROW($A$4)+1, _xlpm.n,ROWS(_xlfn.ANCHORARRAY($B$4)), IF(_xlpm.r>_xlpm.n,"", _xlfn.LET( _xlpm.this,INDEX(_xlfn.ANCHORARRAY($B$4),_xlpm.r,2), _xlpm.pts,INDEX(_xlfn.ANCHORARRAY($B$4),0,2), IF(_xlpm.this="","",1+COUNTIF(_xlpm.pts,">"&_xlpm.this)) ) ) )} -> 8 | B13: Seb Ashton | C13: 138 | E13: {=_xlfn.LET( _xlpm.r,ROW()-ROW($E$4)+1, _xlpm.n,ROWS(_xlfn.ANCHORARRAY($F$4)), IF(_xlpm.r>_xlpm.n,"", _xlfn.LET( _xlpm.this,INDEX(_xlfn.ANCHORARRAY($F$4),_xlpm.r,6), _xlpm.pts,INDEX(_xlfn.ANCHORARRAY($F$4),0,6), IF(_xlpm.this="","",1+COUNTIF(_xlpm.pts,">"&_xlpm.this)) ) ) )} -> 9 | F13: Tom Kennett | G13: 4 | H13: 0.023726852 | I13: 27 | J13: 0 | K13: 27 | M13: {=_xlfn.LET( _xlpm.r,ROW()-ROW($M$4)+1, _xlpm.n,ROWS(_xlfn.ANCHORARRAY($N$4)), IF(_xlpm.r>_xlpm.n,"", _xlfn.LET( _xlpm.this,INDEX(_xlfn.ANCHORARRAY($N$4),_xlpm.r,6), _xlpm.pts,INDEX(_xlfn.ANCHORARRAY($N$4),0,6), IF(_xlpm.this="","",1+COUNTIF(_xlpm.pts,">"&_xlpm.this)) ) ) )} -> 9 | N13: Judah Rand | O13: 3 | P13: 0.019976852 | Q13: 28 | R13: 0 | S13: 28 | U13: {=_xlfn.LET( _xlpm.r,ROW()-ROW($U$4)+1, _xlpm.n,ROWS(_xlfn.ANCHORARRAY($V$4)), IF(_xlpm.r>_xlpm.n,"", _xlfn.LET( _xlpm.this,INDEX(_xlfn.ANCHORARRAY($V$4),_xlpm.r,6), _xlpm.pts,INDEX(_xlfn.ANCHORARRAY($V$4),0,6), IF(_xlpm.this="","",1+COUNTIF(_xlpm.pts,">"&_xlpm.this)) ) ) )} -> 8 | V13: Tom Herbert | W13: 9 | X13: 0.031863426 | Y13: 22 | Z13: 6 | AA13: 28 | AC13: {=_xlfn.LET( _xlpm.r,ROW()-ROW($U$4)+1, _xlpm.n,ROWS(_xlfn.ANCHORARRAY($V$4)), IF(_xlpm.r>_xlpm.n,"", _xlfn.LET( _xlpm.this,INDEX(_xlfn.ANCHORARRAY($V$4),_xlpm.r,6), _xlpm.pts,INDEX(_xlfn.ANCHORARRAY($V$4),0,6), IF(_xlpm.this="","",1+COUNTIF(_xlpm.pts,">"&_xlpm.this)) ) ) )} -> 8 | AD13: Denis Whelan | AE13: 9 | AF13: 0.021597222 | AG13: 22 | AH13: 6 | AI13: 28 | AK13: {=_xlfn.LET( _xlpm.r,ROW()-ROW($AK$4)+1, _xlpm.n,ROWS(_xlfn.ANCHORARRAY($AL$4)), IF(_xlpm.r>_xlpm.n,"", _xlfn.LET( _xlpm.this,INDEX(_xlfn.ANCHORARRAY($AL$4),_xlpm.r,6), _xlpm.pts,INDEX(_xlfn.ANCHORARRAY($AL$4),0,6), IF(_xlpm.this="","",1+COUNTIF(_xlpm.pts,">"&_xlpm.this)) ) ) )} -> 9 | AL13: Jonny Bodey | AM13: 10 | AN13: 0.044467593 | AO13: 21 | AP13: 6 | AQ13: 27 | AS13: {=_xlfn.LET( _xlpm.r,ROW()-ROW($AS$4)+1, _xlpm.n,ROWS(_xlfn.ANCHORARRAY($AT$4)), IF(_xlpm.r>_xlpm.n,"", _xlfn.LET( _xlpm.this,INDEX(_xlfn.ANCHORARRAY($AT$4),_xlpm.r,6), _xlpm.pts,INDEX(_xlfn.ANCHORARRAY($AT$4),0,6), IF(_xlpm.this="","",1+COUNTIF(_xlpm.pts,">"&_xlpm.this)) ) ) )} | BA13: {=_xlfn.LET( _xlpm.r,ROW()-ROW($BA$4)+1, _xlpm.n,ROWS(_xlfn.ANCHORARRAY($BB$4)), IF(_xlpm.r>_xlpm.n,"", _xlfn.LET( _xlpm.this,INDEX(_xlfn.ANCHORARRAY($BB$4),_xlpm.r,6), _xlpm.pts,INDEX(_xlfn.ANCHORARRAY($BB$4),0,6), IF(_xlpm.this="","",1+COUNTIF(_xlpm.pts,">"&_xlpm.this)) ) ) )}
A14: {=_xlfn.LET( _xlpm.r,ROW()-ROW($A$4)+1, _xlpm.n,ROWS(_xlfn.ANCHORARRAY($B$4)), IF(_xlpm.r>_xlpm.n,"", _xlfn.LET( _xlpm.this,INDEX(_xlfn.ANCHORARRAY($B$4),_xlpm.r,2), _xlpm.pts,INDEX(_xlfn.ANCHORARRAY($B$4),0,2), IF(_xlpm.this="","",1+COUNTIF(_xlpm.pts,">"&_xlpm.this)) ) ) )} -> 11 | B14: James Bowden | C14: 134 | E14: {=_xlfn.LET( _xlpm.r,ROW()-ROW($E$4)+1, _xlpm.n,ROWS(_xlfn.ANCHORARRAY($F$4)), IF(_xlpm.r>_xlpm.n,"", _xlfn.LET( _xlpm.this,INDEX(_xlfn.ANCHORARRAY($F$4),_xlpm.r,6), _xlpm.pts,INDEX(_xlfn.ANCHORARRAY($F$4),0,6), IF(_xlpm.this="","",1+COUNTIF(_xlpm.pts,">"&_xlpm.this)) ) ) )} -> 11 | F14: Eamon Mason | G14: 17 | H14: 0.024988426 | I14: 14 | J14: 12 | K14: 26 | M14: {=_xlfn.LET( _xlpm.r,ROW()-ROW($M$4)+1, _xlpm.n,ROWS(_xlfn.ANCHORARRAY($N$4)), IF(_xlpm.r>_xlpm.n,"", _xlfn.LET( _xlpm.this,INDEX(_xlfn.ANCHORARRAY($N$4),_xlpm.r,6), _xlpm.pts,INDEX(_xlfn.ANCHORARRAY($N$4),0,6), IF(_xlpm.this="","",1+COUNTIF(_xlpm.pts,">"&_xlpm.this)) ) ) )} -> 9 | N14: Tom Herbert | O14: 9 | P14: 0.020277778 | Q14: 22 | R14: 6 | S14: 28 | U14: {=_xlfn.LET( _xlpm.r,ROW()-ROW($U$4)+1, _xlpm.n,ROWS(_xlfn.ANCHORARRAY($V$4)), IF(_xlpm.r>_xlpm.n,"", _xlfn.LET( _xlpm.this,INDEX(_xlfn.ANCHORARRAY($V$4),_xlpm.r,6), _xlpm.pts,INDEX(_xlfn.ANCHORARRAY($V$4),0,6), IF(_xlpm.this="","",1+COUNTIF(_xlpm.pts,">"&_xlpm.this)) ) ) )} -> 11 | V14: Tom Kennett | W14: 4 | X14: 0.03037037 | Y14: 27 | Z14: 0 | AA14: 27 | AC14: {=_xlfn.LET( _xlpm.r,ROW()-ROW($U$4)+1, _xlpm.n,ROWS(_xlfn.ANCHORARRAY($V$4)), IF(_xlpm.r>_xlpm.n,"", _xlfn.LET( _xlpm.this,INDEX(_xlfn.ANCHORARRAY($V$4),_xlpm.r,6), _xlpm.pts,INDEX(_xlfn.ANCHORARRAY($V$4),0,6), IF(_xlpm.this="","",1+COUNTIF(_xlpm.pts,">"&_xlpm.this)) ) ) )} -> 11 | AD14: Tom Kennett | AE14: 3 | AF14: 0.020821759 | AG14: 28 | AH14: 0 | AI14: 28 | AK14: {=_xlfn.LET( _xlpm.r,ROW()-ROW($AK$4)+1, _xlpm.n,ROWS(_xlfn.ANCHORARRAY($AL$4)), IF(_xlpm.r>_xlpm.n,"", _xlfn.LET( _xlpm.this,INDEX(_xlfn.ANCHORARRAY($AL$4),_xlpm.r,6), _xlpm.pts,INDEX(_xlfn.ANCHORARRAY($AL$4),0,6), IF(_xlpm.this="","",1+COUNTIF(_xlpm.pts,">"&_xlpm.this)) ) ) )} -> 9 | AL14: Seb Ashton | AM14: 4 | AN14: 0.041921296 | AO14: 27 | AP14: 0 | AQ14: 27 | AS14: {=_xlfn.LET( _xlpm.r,ROW()-ROW($AS$4)+1, _xlpm.n,ROWS(_xlfn.ANCHORARRAY($AT$4)), IF(_xlpm.r>_xlpm.n,"", _xlfn.LET( _xlpm.this,INDEX(_xlfn.ANCHORARRAY($AT$4),_xlpm.r,6), _xlpm.pts,INDEX(_xlfn.ANCHORARRAY($AT$4),0,6), IF(_xlpm.this="","",1+COUNTIF(_xlpm.pts,">"&_xlpm.this)) ) ) )} | BA14: {=_xlfn.LET( _xlpm.r,ROW()-ROW($BA$4)+1, _xlpm.n,ROWS(_xlfn.ANCHORARRAY($BB$4)), IF(_xlpm.r>_xlpm.n,"", _xlfn.LET( _xlpm.this,INDEX(_xlfn.ANCHORARRAY($BB$4),_xlpm.r,6), _xlpm.pts,INDEX(_xlfn.ANCHORARRAY($BB$4),0,6), IF(_xlpm.this="","",1+COUNTIF(_xlpm.pts,">"&_xlpm.this)) ) ) )}
A15: {=_xlfn.LET( _xlpm.r,ROW()-ROW($A$4)+1, _xlpm.n,ROWS(_xlfn.ANCHORARRAY($B$4)), IF(_xlpm.r>_xlpm.n,"", _xlfn.LET( _xlpm.this,INDEX(_xlfn.ANCHORARRAY($B$4),_xlpm.r,2), _xlpm.pts,INDEX(_xlfn.ANCHORARRAY($B$4),0,2), IF(_xlpm.this="","",1+COUNTIF(_xlpm.pts,">"&_xlpm.this)) ) ) )} -> 12 | B15: Raif Oz | C15: 129 | E15: {=_xlfn.LET( _xlpm.r,ROW()-ROW($E$4)+1, _xlpm.n,ROWS(_xlfn.ANCHORARRAY($F$4)), IF(_xlpm.r>_xlpm.n,"", _xlfn.LET( _xlpm.this,INDEX(_xlfn.ANCHORARRAY($F$4),_xlpm.r,6), _xlpm.pts,INDEX(_xlfn.ANCHORARRAY($F$4),0,6), IF(_xlpm.this="","",1+COUNTIF(_xlpm.pts,">"&_xlpm.this)) ) ) )} -> 11 | F15: Neal Beauchamp | G15: 11 | H15: 0.02431713 | I15: 20 | J15: 6 | K15: 26 | M15: {=_xlfn.LET( _xlpm.r,ROW()-ROW($M$4)+1, _xlpm.n,ROWS(_xlfn.ANCHORARRAY($N$4)), IF(_xlpm.r>_xlpm.n,"", _xlfn.LET( _xlpm.this,INDEX(_xlfn.ANCHORARRAY($N$4),_xlpm.r,6), _xlpm.pts,INDEX(_xlfn.ANCHORARRAY($N$4),0,6), IF(_xlpm.this="","",1+COUNTIF(_xlpm.pts,">"&_xlpm.this)) ) ) )} -> 12 | N15: Neal Beauchamp | O15: 10 | P15: 0.020300926 | Q15: 21 | R15: 6 | S15: 27 | U15: {=_xlfn.LET( _xlpm.r,ROW()-ROW($U$4)+1, _xlpm.n,ROWS(_xlfn.ANCHORARRAY($V$4)), IF(_xlpm.r>_xlpm.n,"", _xlfn.LET( _xlpm.this,INDEX(_xlfn.ANCHORARRAY($V$4),_xlpm.r,6), _xlpm.pts,INDEX(_xlfn.ANCHORARRAY($V$4),0,6), IF(_xlpm.this="","",1+COUNTIF(_xlpm.pts,">"&_xlpm.this)) ) ) )} -> 12 | V15: Eamon Mason | W15: 17 | X15: 0.032905093 | Y15: 14 | Z15: 12 | AA15: 26 | AC15: {=_xlfn.LET( _xlpm.r,ROW()-ROW($U$4)+1, _xlpm.n,ROWS(_xlfn.ANCHORARRAY($V$4)), IF(_xlpm.r>_xlpm.n,"", _xlfn.LET( _xlpm.this,INDEX(_xlfn.ANCHORARRAY($V$4),_xlpm.r,6), _xlpm.pts,INDEX(_xlfn.ANCHORARRAY($V$4),0,6), IF(_xlpm.this="","",1+COUNTIF(_xlpm.pts,">"&_xlpm.this)) ) ) )} -> 12 | AD15: David Wong | AE15: 17 | AF15: 0.022407407 | AG15: 14 | AH15: 12 | AI15: 26 | AK15: {=_xlfn.LET( _xlpm.r,ROW()-ROW($AK$4)+1, _xlpm.n,ROWS(_xlfn.ANCHORARRAY($AL$4)), IF(_xlpm.r>_xlpm.n,"", _xlfn.LET( _xlpm.this,INDEX(_xlfn.ANCHORARRAY($AL$4),_xlpm.r,6), _xlpm.pts,INDEX(_xlfn.ANCHORARRAY($AL$4),0,6), IF(_xlpm.this="","",1+COUNTIF(_xlpm.pts,">"&_xlpm.this)) ) ) )} -> 12 | AL15: Gordon Reid | AM15: 17 | AN15: 0.045717593 | AO15: 14 | AP15: 12 | AQ15: 26 | AS15: {=_xlfn.LET( _xlpm.r,ROW()-ROW($AS$4)+1, _xlpm.n,ROWS(_xlfn.ANCHORARRAY($AT$4)), IF(_xlpm.r>_xlpm.n,"", _xlfn.LET( _xlpm.this,INDEX(_xlfn.ANCHORARRAY($AT$4),_xlpm.r,6), _xlpm.pts,INDEX(_xlfn.ANCHORARRAY($AT$4),0,6), IF(_xlpm.this="","",1+COUNTIF(_xlpm.pts,">"&_xlpm.this)) ) ) )} | BA15: {=_xlfn.LET( _xlpm.r,ROW()-ROW($BA$4)+1, _xlpm.n,ROWS(_xlfn.ANCHORARRAY($BB$4)), IF(_xlpm.r>_xlpm.n,"", _xlfn.LET( _xlpm.this,INDEX(_xlfn.ANCHORARRAY($BB$4),_xlpm.r,6), _xlpm.pts,INDEX(_xlfn.ANCHORARRAY($BB$4),0,6), IF(_xlpm.this="","",1+COUNTIF(_xlpm.pts,">"&_xlpm.this)) ) ) )}
A16: {=_xlfn.LET( _xlpm.r,ROW()-ROW($A$4)+1, _xlpm.n,ROWS(_xlfn.ANCHORARRAY($B$4)), IF(_xlpm.r>_xlpm.n,"", _xlfn.LET( _xlpm.this,INDEX(_xlfn.ANCHORARRAY($B$4),_xlpm.r,2), _xlpm.pts,INDEX(_xlfn.ANCHORARRAY($B$4),0,2), IF(_xlpm.this="","",1+COUNTIF(_xlpm.pts,">"&_xlpm.this)) ) ) )} -> 13 | B16: Alex Robertson | C16: 128 | E16: {=_xlfn.LET( _xlpm.r,ROW()-ROW($E$4)+1, _xlpm.n,ROWS(_xlfn.ANCHORARRAY($F$4)), IF(_xlpm.r>_xlpm.n,"", _xlfn.LET( _xlpm.this,INDEX(_xlfn.ANCHORARRAY($F$4),_xlpm.r,6), _xlpm.pts,INDEX(_xlfn.ANCHORARRAY($F$4),0,6), IF(_xlpm.this="","",1+COUNTIF(_xlpm.pts,">"&_xlpm.this)) ) ) )} -> 11 | F16: Raif Oz | G16: 5 | H16: 0.023726852 | I16: 26 | J16: 0 | K16: 26 | M16: {=_xlfn.LET( _xlpm.r,ROW()-ROW($M$4)+1, _xlpm.n,ROWS(_xlfn.ANCHORARRAY($N$4)), IF(_xlpm.r>_xlpm.n,"", _xlfn.LET( _xlpm.this,INDEX(_xlfn.ANCHORARRAY($N$4),_xlpm.r,6), _xlpm.pts,INDEX(_xlfn.ANCHORARRAY($N$4),0,6), IF(_xlpm.this="","",1+COUNTIF(_xlpm.pts,">"&_xlpm.this)) ) ) )} -> 12 | N16: Seb Ashton | O16: 4 | P16: 0.019976852 | Q16: 27 | R16: 0 | S16: 27 | U16: {=_xlfn.LET( _xlpm.r,ROW()-ROW($U$4)+1, _xlpm.n,ROWS(_xlfn.ANCHORARRAY($V$4)), IF(_xlpm.r>_xlpm.n,"", _xlfn.LET( _xlpm.this,INDEX(_xlfn.ANCHORARRAY($V$4),_xlpm.r,6), _xlpm.pts,INDEX(_xlfn.ANCHORARRAY($V$4),0,6), IF(_xlpm.this="","",1+COUNTIF(_xlpm.pts,">"&_xlpm.this)) ) ) )} -> 12 | V16: Jonny Bodey | W16: 11 | X16: 0.032094907 | Y16: 20 | Z16: 6 | AA16: 26 | AC16: {=_xlfn.LET( _xlpm.r,ROW()-ROW($U$4)+1, _xlpm.n,ROWS(_xlfn.ANCHORARRAY($V$4)), IF(_xlpm.r>_xlpm.n,"", _xlfn.LET( _xlpm.this,INDEX(_xlfn.ANCHORARRAY($V$4),_xlpm.r,6), _xlpm.pts,INDEX(_xlfn.ANCHORARRAY($V$4),0,6), IF(_xlpm.this="","",1+COUNTIF(_xlpm.pts,">"&_xlpm.this)) ) ) )} -> 12 | AD16: Seb Ashton | AE16: 5 | AF16: 0.02125 | AG16: 26 | AH16: 0 | AI16: 26 | AK16: {=_xlfn.LET( _xlpm.r,ROW()-ROW($AK$4)+1, _xlpm.n,ROWS(_xlfn.ANCHORARRAY($AL$4)), IF(_xlpm.r>_xlpm.n,"", _xlfn.LET( _xlpm.this,INDEX(_xlfn.ANCHORARRAY($AL$4),_xlpm.r,6), _xlpm.pts,INDEX(_xlfn.ANCHORARRAY($AL$4),0,6), IF(_xlpm.this="","",1+COUNTIF(_xlpm.pts,">"&_xlpm.this)) ) ) )} -> 12 | AL16: Neal Beauchamp | AM16: 11 | AN16: 0.04462963 | AO16: 20 | AP16: 6 | AQ16: 26 | AS16: {=_xlfn.LET( _xlpm.r,ROW()-ROW($AS$4)+1, _xlpm.n,ROWS(_xlfn.ANCHORARRAY($AT$4)), IF(_xlpm.r>_xlpm.n,"", _xlfn.LET( _xlpm.this,INDEX(_xlfn.ANCHORARRAY($AT$4),_xlpm.r,6), _xlpm.pts,INDEX(_xlfn.ANCHORARRAY($AT$4),0,6), IF(_xlpm.this="","",1+COUNTIF(_xlpm.pts,">"&_xlpm.this)) ) ) )} | BA16: {=_xlfn.LET( _xlpm.r,ROW()-ROW($BA$4)+1, _xlpm.n,ROWS(_xlfn.ANCHORARRAY($BB$4)), IF(_xlpm.r>_xlpm.n,"", _xlfn.LET( _xlpm.this,INDEX(_xlfn.ANCHORARRAY($BB$4),_xlpm.r,6), _xlpm.pts,INDEX(_xlfn.ANCHORARRAY($BB$4),0,6), IF(_xlpm.this="","",1+COUNTIF(_xlpm.pts,">"&_xlpm.this)) ) ) )}
... A30: {=_xlfn.LET( _xlpm.r,ROW()-ROW($A$4)+1, _xlpm.n,ROWS(_xlfn.ANCHORARRAY($B$4)), IF(_xlpm.r>_xlpm.n,"", _xlfn.LET( _xlpm.this,INDEX(_xlfn.ANCHORARRAY($B$4),_xlpm.r,2), _xlpm.pts,INDEX(_xlfn.ANCHORARRAY($B$4),0,2), IF(_xlpm.this="","",1+COUNTIF(_xlpm.pts,">"&_xlpm.this)) ) ) )} -> 27 | B30: Richard Turner | C30: 61 | E30: {=_xlfn.LET( _xlpm.r,ROW()-ROW($E$4)+1, _xlpm.n,ROWS(_xlfn.ANCHORARRAY($F$4)), IF(_xlpm.r>_xlpm.n,"", _xlfn.LET( _xlpm.this,INDEX(_xlfn.ANCHORARRAY($F$4),_xlpm.r,6), _xlpm.pts,INDEX(_xlfn.ANCHORARRAY($F$4),0,6), IF(_xlpm.this="","",1+COUNTIF(_xlpm.pts,">"&_xlpm.this)) ) ) )} -> 27 | F30: Richard Turner | G30: 22 | H30: 0.025509259 | I30: 9 | J30: 6 | K30: 15 | M30: {=_xlfn.LET( _xlpm.r,ROW()-ROW($M$4)+1, _xlpm.n,ROWS(_xlfn.ANCHORARRAY($N$4)), IF(_xlpm.r>_xlpm.n,"", _xlfn.LET( _xlpm.this,INDEX(_xlfn.ANCHORARRAY($N$4),_xlpm.r,6), _xlpm.pts,INDEX(_xlfn.ANCHORARRAY($N$4),0,6), IF(_xlpm.this="","",1+COUNTIF(_xlpm.pts,">"&_xlpm.this)) ) ) )} -> 27 | N30: Conor Walsh | O30: 27 | P30: 0.024537037 | Q30: 4 | R30: 0 | S30: 4 | U30: {=_xlfn.LET( _xlpm.r,ROW()-ROW($U$4)+1, _xlpm.n,ROWS(_xlfn.ANCHORARRAY($V$4)), IF(_xlpm.r>_xlpm.n,"", _xlfn.LET( _xlpm.this,INDEX(_xlfn.ANCHORARRAY($V$4),_xlpm.r,6), _xlpm.pts,INDEX(_xlfn.ANCHORARRAY($V$4),0,6), IF(_xlpm.this="","",1+COUNTIF(_xlpm.pts,">"&_xlpm.this)) ) ) )} -> 27 | V30: Richard Turner | W30: 26 | X30: 0.038819444 | Y30: 5 | Z30: 6 | AA30: 11 | AC30: {=_xlfn.LET( _xlpm.r,ROW()-ROW($U$4)+1, _xlpm.n,ROWS(_xlfn.ANCHORARRAY($V$4)), IF(_xlpm.r>_xlpm.n,"", _xlfn.LET( _xlpm.this,INDEX(_xlfn.ANCHORARRAY($V$4),_xlpm.r,6), _xlpm.pts,INDEX(_xlfn.ANCHORARRAY($V$4),0,6), IF(_xlpm.this="","",1+COUNTIF(_xlpm.pts,">"&_xlpm.this)) ) ) )} -> 27 | AD30: Marcus Jones | AE30: 27 | AF30: 0.026655093 | AG30: 4 | AH30: 6 | AI30: 10 | AK30: {=_xlfn.LET( _xlpm.r,ROW()-ROW($AK$4)+1, _xlpm.n,ROWS(_xlfn.ANCHORARRAY($AL$4)), IF(_xlpm.r>_xlpm.n,"", _xlfn.LET( _xlpm.this,INDEX(_xlfn.ANCHORARRAY($AL$4),_xlpm.r,6), _xlpm.pts,INDEX(_xlfn.ANCHORARRAY($AL$4),0,6), IF(_xlpm.this="","",1+COUNTIF(_xlpm.pts,">"&_xlpm.this)) ) ) )} -> 27 | AL30: Richard Turner | AM30: 26 | AN30: 0.049212963 | AO30: 5 | AP30: 6 | AQ30: 11 | AS30: {=_xlfn.LET( _xlpm.r,ROW()-ROW($AS$4)+1, _xlpm.n,ROWS(_xlfn.ANCHORARRAY($AT$4)), IF(_xlpm.r>_xlpm.n,"", _xlfn.LET( _xlpm.this,INDEX(_xlfn.ANCHORARRAY($AT$4),_xlpm.r,6), _xlpm.pts,INDEX(_xlfn.ANCHORARRAY($AT$4),0,6), IF(_xlpm.this="","",1+COUNTIF(_xlpm.pts,">"&_xlpm.this)) ) ) )} | BA30: {=_xlfn.LET( _xlpm.r,ROW()-ROW($BA$4)+1, _xlpm.n,ROWS(_xlfn.ANCHORARRAY($BB$4)), IF(_xlpm.r>_xlpm.n,"", _xlfn.LET( _xlpm.this,INDEX(_xlfn.ANCHORARRAY($BB$4),_xlpm.r,6), _xlpm.pts,INDEX(_xlfn.ANCHORARRAY($BB$4),0,6), IF(_xlpm.this="","",1+COUNTIF(_xlpm.pts,">"&_xlpm.this)) ) ) )}
A31: {=_xlfn.LET( _xlpm.r,ROW()-ROW($A$4)+1, _xlpm.n,ROWS(_xlfn.ANCHORARRAY($B$4)), IF(_xlpm.r>_xlpm.n,"", _xlfn.LET( _xlpm.this,INDEX(_xlfn.ANCHORARRAY($B$4),_xlpm.r,2), _xlpm.pts,INDEX(_xlfn.ANCHORARRAY($B$4),0,2), IF(_xlpm.this="","",1+COUNTIF(_xlpm.pts,">"&_xlpm.this)) ) ) )} | E31: {=_xlfn.LET( _xlpm.r,ROW()-ROW($E$4)+1, _xlpm.n,ROWS(_xlfn.ANCHORARRAY($F$4)), IF(_xlpm.r>_xlpm.n,"", _xlfn.LET( _xlpm.this,INDEX(_xlfn.ANCHORARRAY($F$4),_xlpm.r,6), _xlpm.pts,INDEX(_xlfn.ANCHORARRAY($F$4),0,6), IF(_xlpm.this="","",1+COUNTIF(_xlpm.pts,">"&_xlpm.this)) ) ) )} | M31: {=_xlfn.LET( _xlpm.r,ROW()-ROW($M$4)+1, _xlpm.n,ROWS(_xlfn.ANCHORARRAY($N$4)), IF(_xlpm.r>_xlpm.n,"", _xlfn.LET( _xlpm.this,INDEX(_xlfn.ANCHORARRAY($N$4),_xlpm.r,6), _xlpm.pts,INDEX(_xlfn.ANCHORARRAY($N$4),0,6), IF(_xlpm.this="","",1+COUNTIF(_xlpm.pts,">"&_xlpm.this)) ) ) )} | U31: {=_xlfn.LET( _xlpm.r,ROW()-ROW($U$4)+1, _xlpm.n,ROWS(_xlfn.ANCHORARRAY($V$4)), IF(_xlpm.r>_xlpm.n,"", _xlfn.LET( _xlpm.this,INDEX(_xlfn.ANCHORARRAY($V$4),_xlpm.r,6), _xlpm.pts,INDEX(_xlfn.ANCHORARRAY($V$4),0,6), IF(_xlpm.this="","",1+COUNTIF(_xlpm.pts,">"&_xlpm.this)) ) ) )} | AC31: {=_xlfn.LET( _xlpm.r,ROW()-ROW($U$4)+1, _xlpm.n,ROWS(_xlfn.ANCHORARRAY($V$4)), IF(_xlpm.r>_xlpm.n,"", _xlfn.LET( _xlpm.this,INDEX(_xlfn.ANCHORARRAY($V$4),_xlpm.r,6), _xlpm.pts,INDEX(_xlfn.ANCHORARRAY($V$4),0,6), IF(_xlpm.this="","",1+COUNTIF(_xlpm.pts,">"&_xlpm.this)) ) ) )} | AK31: {=_xlfn.LET( _xlpm.r,ROW()-ROW($U$4)+1, _xlpm.n,ROWS(_xlfn.ANCHORARRAY($V$4)), IF(_xlpm.r>_xlpm.n,"", _xlfn.LET( _xlpm.this,INDEX(_xlfn.ANCHORARRAY($V$4),_xlpm.r,6), _xlpm.pts,INDEX(_xlfn.ANCHORARRAY($V$4),0,6), IF(_xlpm.this="","",1+COUNTIF(_xlpm.pts,">"&_xlpm.this)) ) ) )} | AS31: {=_xlfn.LET( _xlpm.r,ROW()-ROW($AS$4)+1, _xlpm.n,ROWS(_xlfn.ANCHORARRAY($AT$4)), IF(_xlpm.r>_xlpm.n,"", _xlfn.LET( _xlpm.this,INDEX(_xlfn.ANCHORARRAY($AT$4),_xlpm.r,6), _xlpm.pts,INDEX(_xlfn.ANCHORARRAY($AT$4),0,6), IF(_xlpm.this="","",1+COUNTIF(_xlpm.pts,">"&_xlpm.this)) ) ) )} | BA31: {=_xlfn.LET( _xlpm.r,ROW()-ROW($BA$4)+1, _xlpm.n,ROWS(_xlfn.ANCHORARRAY($BB$4)), IF(_xlpm.r>_xlpm.n,"", _xlfn.LET( _xlpm.this,INDEX(_xlfn.ANCHORARRAY($BB$4),_xlpm.r,6), _xlpm.pts,INDEX(_xlfn.ANCHORARRAY($BB$4),0,6), IF(_xlpm.this="","",1+COUNTIF(_xlpm.pts,">"&_xlpm.this)) ) ) )}
A32: {=_xlfn.LET( _xlpm.r,ROW()-ROW($A$4)+1, _xlpm.n,ROWS(_xlfn.ANCHORARRAY($B$4)), IF(_xlpm.r>_xlpm.n,"", _xlfn.LET( _xlpm.this,INDEX(_xlfn.ANCHORARRAY($B$4),_xlpm.r,2), _xlpm.pts,INDEX(_xlfn.ANCHORARRAY($B$4),0,2), IF(_xlpm.this="","",1+COUNTIF(_xlpm.pts,">"&_xlpm.this)) ) ) )} | E32: {=_xlfn.LET( _xlpm.r,ROW()-ROW($E$4)+1, _xlpm.n,ROWS(_xlfn.ANCHORARRAY($F$4)), IF(_xlpm.r>_xlpm.n,"", _xlfn.LET( _xlpm.this,INDEX(_xlfn.ANCHORARRAY($F$4),_xlpm.r,6), _xlpm.pts,INDEX(_xlfn.ANCHORARRAY($F$4),0,6), IF(_xlpm.this="","",1+COUNTIF(_xlpm.pts,">"&_xlpm.this)) ) ) )} | M32: {=_xlfn.LET( _xlpm.r,ROW()-ROW($M$4)+1, _xlpm.n,ROWS(_xlfn.ANCHORARRAY($N$4)), IF(_xlpm.r>_xlpm.n,"", _xlfn.LET( _xlpm.this,INDEX(_xlfn.ANCHORARRAY($N$4),_xlpm.r,6), _xlpm.pts,INDEX(_xlfn.ANCHORARRAY($N$4),0,6), IF(_xlpm.this="","",1+COUNTIF(_xlpm.pts,">"&_xlpm.this)) ) ) )} | U32: {=_xlfn.LET( _xlpm.r,ROW()-ROW($U$4)+1, _xlpm.n,ROWS(_xlfn.ANCHORARRAY($V$4)), IF(_xlpm.r>_xlpm.n,"", _xlfn.LET( _xlpm.this,INDEX(_xlfn.ANCHORARRAY($V$4),_xlpm.r,6), _xlpm.pts,INDEX(_xlfn.ANCHORARRAY($V$4),0,6), IF(_xlpm.this="","",1+COUNTIF(_xlpm.pts,">"&_xlpm.this)) ) ) )} | AC32: {=_xlfn.LET( _xlpm.r,ROW()-ROW($U$4)+1, _xlpm.n,ROWS(_xlfn.ANCHORARRAY($V$4)), IF(_xlpm.r>_xlpm.n,"", _xlfn.LET( _xlpm.this,INDEX(_xlfn.ANCHORARRAY($V$4),_xlpm.r,6), _xlpm.pts,INDEX(_xlfn.ANCHORARRAY($V$4),0,6), IF(_xlpm.this="","",1+COUNTIF(_xlpm.pts,">"&_xlpm.this)) ) ) )} | AK32: {=_xlfn.LET( _xlpm.r,ROW()-ROW($U$4)+1, _xlpm.n,ROWS(_xlfn.ANCHORARRAY($V$4)), IF(_xlpm.r>_xlpm.n,"", _xlfn.LET( _xlpm.this,INDEX(_xlfn.ANCHORARRAY($V$4),_xlpm.r,6), _xlpm.pts,INDEX(_xlfn.ANCHORARRAY($V$4),0,6), IF(_xlpm.this="","",1+COUNTIF(_xlpm.pts,">"&_xlpm.this)) ) ) )} | AS32: {=_xlfn.LET( _xlpm.r,ROW()-ROW($AS$4)+1, _xlpm.n,ROWS(_xlfn.ANCHORARRAY($AT$4)), IF(_xlpm.r>_xlpm.n,"", _xlfn.LET( _xlpm.this,INDEX(_xlfn.ANCHORARRAY($AT$4),_xlpm.r,6), _xlpm.pts,INDEX(_xlfn.ANCHORARRAY($AT$4),0,6), IF(_xlpm.this="","",1+COUNTIF(_xlpm.pts,">"&_xlpm.this)) ) ) )} | BA32: {=_xlfn.LET( _xlpm.r,ROW()-ROW($BA$4)+1, _xlpm.n,ROWS(_xlfn.ANCHORARRAY($BB$4)), IF(_xlpm.r>_xlpm.n,"", _xlfn.LET( _xlpm.this,INDEX(_xlfn.ANCHORARRAY($BB$4),_xlpm.r,6), _xlpm.pts,INDEX(_xlfn.ANCHORARRAY($BB$4),0,6), IF(_xlpm.this="","",1+COUNTIF(_xlpm.pts,">"&_xlpm.this)) ) ) )}
A33: {=_xlfn.LET( _xlpm.r,ROW()-ROW($A$4)+1, _xlpm.n,ROWS(_xlfn.ANCHORARRAY($B$4)), IF(_xlpm.r>_xlpm.n,"", _xlfn.LET( _xlpm.this,INDEX(_xlfn.ANCHORARRAY($B$4),_xlpm.r,2), _xlpm.pts,INDEX(_xlfn.ANCHORARRAY($B$4),0,2), IF(_xlpm.this="","",1+COUNTIF(_xlpm.pts,">"&_xlpm.this)) ) ) )} | E33: {=_xlfn.LET( _xlpm.r,ROW()-ROW($E$4)+1, _xlpm.n,ROWS(_xlfn.ANCHORARRAY($F$4)), IF(_xlpm.r>_xlpm.n,"", _xlfn.LET( _xlpm.this,INDEX(_xlfn.ANCHORARRAY($F$4),_xlpm.r,6), _xlpm.pts,INDEX(_xlfn.ANCHORARRAY($F$4),0,6), IF(_xlpm.this="","",1+COUNTIF(_xlpm.pts,">"&_xlpm.this)) ) ) )} | M33: {=_xlfn.LET( _xlpm.r,ROW()-ROW($M$4)+1, _xlpm.n,ROWS(_xlfn.ANCHORARRAY($N$4)), IF(_xlpm.r>_xlpm.n,"", _xlfn.LET( _xlpm.this,INDEX(_xlfn.ANCHORARRAY($N$4),_xlpm.r,6), _xlpm.pts,INDEX(_xlfn.ANCHORARRAY($N$4),0,6), IF(_xlpm.this="","",1+COUNTIF(_xlpm.pts,">"&_xlpm.this)) ) ) )} | U33: {=_xlfn.LET( _xlpm.r,ROW()-ROW($U$4)+1, _xlpm.n,ROWS(_xlfn.ANCHORARRAY($V$4)), IF(_xlpm.r>_xlpm.n,"", _xlfn.LET( _xlpm.this,INDEX(_xlfn.ANCHORARRAY($V$4),_xlpm.r,6), _xlpm.pts,INDEX(_xlfn.ANCHORARRAY($V$4),0,6), IF(_xlpm.this="","",1+COUNTIF(_xlpm.pts,">"&_xlpm.this)) ) ) )} | AC33: {=_xlfn.LET( _xlpm.r,ROW()-ROW($U$4)+1, _xlpm.n,ROWS(_xlfn.ANCHORARRAY($V$4)), IF(_xlpm.r>_xlpm.n,"", _xlfn.LET( _xlpm.this,INDEX(_xlfn.ANCHORARRAY($V$4),_xlpm.r,6), _xlpm.pts,INDEX(_xlfn.ANCHORARRAY($V$4),0,6), IF(_xlpm.this="","",1+COUNTIF(_xlpm.pts,">"&_xlpm.this)) ) ) )} | AK33: {=_xlfn.LET( _xlpm.r,ROW()-ROW($U$4)+1, _xlpm.n,ROWS(_xlfn.ANCHORARRAY($V$4)), IF(_xlpm.r>_xlpm.n,"", _xlfn.LET( _xlpm.this,INDEX(_xlfn.ANCHORARRAY($V$4),_xlpm.r,6), _xlpm.pts,INDEX(_xlfn.ANCHORARRAY($V$4),0,6), IF(_xlpm.this="","",1+COUNTIF(_xlpm.pts,">"&_xlpm.this)) ) ) )} | AS33: {=_xlfn.LET( _xlpm.r,ROW()-ROW($AS$4)+1, _xlpm.n,ROWS(_xlfn.ANCHORARRAY($AT$4)), IF(_xlpm.r>_xlpm.n,"", _xlfn.LET( _xlpm.this,INDEX(_xlfn.ANCHORARRAY($AT$4),_xlpm.r,6), _xlpm.pts,INDEX(_xlfn.ANCHORARRAY($AT$4),0,6), IF(_xlpm.this="","",1+COUNTIF(_xlpm.pts,">"&_xlpm.this)) ) ) )} | BA33: {=_xlfn.LET( _xlpm.r,ROW()-ROW($BA$4)+1, _xlpm.n,ROWS(_xlfn.ANCHORARRAY($BB$4)), IF(_xlpm.r>_xlpm.n,"", _xlfn.LET( _xlpm.this,INDEX(_xlfn.ANCHORARRAY($BB$4),_xlpm.r,6), _xlpm.pts,INDEX(_xlfn.ANCHORARRAY($BB$4),0,6), IF(_xlpm.this="","",1+COUNTIF(_xlpm.pts,">"&_xlpm.this)) ) ) )}
A34: {=_xlfn.LET( _xlpm.r,ROW()-ROW($A$4)+1, _xlpm.n,ROWS(_xlfn.ANCHORARRAY($B$4)), IF(_xlpm.r>_xlpm.n,"", _xlfn.LET( _xlpm.this,INDEX(_xlfn.ANCHORARRAY($B$4),_xlpm.r,2), _xlpm.pts,INDEX(_xlfn.ANCHORARRAY($B$4),0,2), IF(_xlpm.this="","",1+COUNTIF(_xlpm.pts,">"&_xlpm.this)) ) ) )} | E34: {=_xlfn.LET( _xlpm.r,ROW()-ROW($E$4)+1, _xlpm.n,ROWS(_xlfn.ANCHORARRAY($F$4)), IF(_xlpm.r>_xlpm.n,"", _xlfn.LET( _xlpm.this,INDEX(_xlfn.ANCHORARRAY($F$4),_xlpm.r,6), _xlpm.pts,INDEX(_xlfn.ANCHORARRAY($F$4),0,6), IF(_xlpm.this="","",1+COUNTIF(_xlpm.pts,">"&_xlpm.this)) ) ) )} | M34: {=_xlfn.LET( _xlpm.r,ROW()-ROW($M$4)+1, _xlpm.n,ROWS(_xlfn.ANCHORARRAY($N$4)), IF(_xlpm.r>_xlpm.n,"", _xlfn.LET( _xlpm.this,INDEX(_xlfn.ANCHORARRAY($N$4),_xlpm.r,6), _xlpm.pts,INDEX(_xlfn.ANCHORARRAY($N$4),0,6), IF(_xlpm.this="","",1+COUNTIF(_xlpm.pts,">"&_xlpm.this)) ) ) )} | U34: {=_xlfn.LET( _xlpm.r,ROW()-ROW($U$4)+1, _xlpm.n,ROWS(_xlfn.ANCHORARRAY($V$4)), IF(_xlpm.r>_xlpm.n,"", _xlfn.LET( _xlpm.this,INDEX(_xlfn.ANCHORARRAY($V$4),_xlpm.r,6), _xlpm.pts,INDEX(_xlfn.ANCHORARRAY($V$4),0,6), IF(_xlpm.this="","",1+COUNTIF(_xlpm.pts,">"&_xlpm.this)) ) ) )} | AC34: {=_xlfn.LET( _xlpm.r,ROW()-ROW($U$4)+1, _xlpm.n,ROWS(_xlfn.ANCHORARRAY($V$4)), IF(_xlpm.r>_xlpm.n,"", _xlfn.LET( _xlpm.this,INDEX(_xlfn.ANCHORARRAY($V$4),_xlpm.r,6), _xlpm.pts,INDEX(_xlfn.ANCHORARRAY($V$4),0,6), IF(_xlpm.this="","",1+COUNTIF(_xlpm.pts,">"&_xlpm.this)) ) ) )} | AK34: {=_xlfn.LET( _xlpm.r,ROW()-ROW($U$4)+1, _xlpm.n,ROWS(_xlfn.ANCHORARRAY($V$4)), IF(_xlpm.r>_xlpm.n,"", _xlfn.LET( _xlpm.this,INDEX(_xlfn.ANCHORARRAY($V$4),_xlpm.r,6), _xlpm.pts,INDEX(_xlfn.ANCHORARRAY($V$4),0,6), IF(_xlpm.this="","",1+COUNTIF(_xlpm.pts,">"&_xlpm.this)) ) ) )} | AS34: {=_xlfn.LET( _xlpm.r,ROW()-ROW($AS$4)+1, _xlpm.n,ROWS(_xlfn.ANCHORARRAY($AT$4)), IF(_xlpm.r>_xlpm.n,"", _xlfn.LET( _xlpm.this,INDEX(_xlfn.ANCHORARRAY($AT$4),_xlpm.r,6), _xlpm.pts,INDEX(_xlfn.ANCHORARRAY($AT$4),0,6), IF(_xlpm.this="","",1+COUNTIF(_xlpm.pts,">"&_xlpm.this)) ) ) )} | BA34: {=_xlfn.LET( _xlpm.r,ROW()-ROW($BA$4)+1, _xlpm.n,ROWS(_xlfn.ANCHORARRAY($BB$4)), IF(_xlpm.r>_xlpm.n,"", _xlfn.LET( _xlpm.this,INDEX(_xlfn.ANCHORARRAY($BB$4),_xlpm.r,6), _xlpm.pts,INDEX(_xlfn.ANCHORARRAY($BB$4),0,6), IF(_xlpm.this="","",1+COUNTIF(_xlpm.pts,">"&_xlpm.this)) ) ) )}
A35: {=_xlfn.LET( _xlpm.r,ROW()-ROW($A$4)+1, _xlpm.n,ROWS(_xlfn.ANCHORARRAY($B$4)), IF(_xlpm.r>_xlpm.n,"", _xlfn.LET( _xlpm.this,INDEX(_xlfn.ANCHORARRAY($B$4),_xlpm.r,2), _xlpm.pts,INDEX(_xlfn.ANCHORARRAY($B$4),0,2), IF(_xlpm.this="","",1+COUNTIF(_xlpm.pts,">"&_xlpm.this)) ) ) )} | E35: {=_xlfn.LET( _xlpm.r,ROW()-ROW($E$4)+1, _xlpm.n,ROWS(_xlfn.ANCHORARRAY($F$4)), IF(_xlpm.r>_xlpm.n,"", _xlfn.LET( _xlpm.this,INDEX(_xlfn.ANCHORARRAY($F$4),_xlpm.r,6), _xlpm.pts,INDEX(_xlfn.ANCHORARRAY($F$4),0,6), IF(_xlpm.this="","",1+COUNTIF(_xlpm.pts,">"&_xlpm.this)) ) ) )} | M35: {=_xlfn.LET( _xlpm.r,ROW()-ROW($M$4)+1, _xlpm.n,ROWS(_xlfn.ANCHORARRAY($N$4)), IF(_xlpm.r>_xlpm.n,"", _xlfn.LET( _xlpm.this,INDEX(_xlfn.ANCHORARRAY($N$4),_xlpm.r,6), _xlpm.pts,INDEX(_xlfn.ANCHORARRAY($N$4),0,6), IF(_xlpm.this="","",1+COUNTIF(_xlpm.pts,">"&_xlpm.this)) ) ) )} | U35: {=_xlfn.LET( _xlpm.r,ROW()-ROW($U$4)+1, _xlpm.n,ROWS(_xlfn.ANCHORARRAY($V$4)), IF(_xlpm.r>_xlpm.n,"", _xlfn.LET( _xlpm.this,INDEX(_xlfn.ANCHORARRAY($V$4),_xlpm.r,6), _xlpm.pts,INDEX(_xlfn.ANCHORARRAY($V$4),0,6), IF(_xlpm.this="","",1+COUNTIF(_xlpm.pts,">"&_xlpm.this)) ) ) )} | AC35: {=_xlfn.LET( _xlpm.r,ROW()-ROW($U$4)+1, _xlpm.n,ROWS(_xlfn.ANCHORARRAY($V$4)), IF(_xlpm.r>_xlpm.n,"", _xlfn.LET( _xlpm.this,INDEX(_xlfn.ANCHORARRAY($V$4),_xlpm.r,6), _xlpm.pts,INDEX(_xlfn.ANCHORARRAY($V$4),0,6), IF(_xlpm.this="","",1+COUNTIF(_xlpm.pts,">"&_xlpm.this)) ) ) )} | AK35: {=_xlfn.LET( _xlpm.r,ROW()-ROW($U$4)+1, _xlpm.n,ROWS(_xlfn.ANCHORARRAY($V$4)), IF(_xlpm.r>_xlpm.n,"", _xlfn.LET( _xlpm.this,INDEX(_xlfn.ANCHORARRAY($V$4),_xlpm.r,6), _xlpm.pts,INDEX(_xlfn.ANCHORARRAY($V$4),0,6), IF(_xlpm.this="","",1+COUNTIF(_xlpm.pts,">"&_xlpm.this)) ) ) )} | AS35: {=_xlfn.LET( _xlpm.r,ROW()-ROW($AS$4)+1, _xlpm.n,ROWS(_xlfn.ANCHORARRAY($AT$4)), IF(_xlpm.r>_xlpm.n,"", _xlfn.LET( _xlpm.this,INDEX(_xlfn.ANCHORARRAY($AT$4),_xlpm.r,6), _xlpm.pts,INDEX(_xlfn.ANCHORARRAY($AT$4),0,6), IF(_xlpm.this="","",1+COUNTIF(_xlpm.pts,">"&_xlpm.this)) ) ) )} | BA35: {=_xlfn.LET( _xlpm.r,ROW()-ROW($BA$4)+1, _xlpm.n,ROWS(_xlfn.ANCHORARRAY($BB$4)), IF(_xlpm.r>_xlpm.n,"", _xlfn.LET( _xlpm.this,INDEX(_xlfn.ANCHORARRAY($BB$4),_xlpm.r,6), _xlpm.pts,INDEX(_xlfn.ANCHORARRAY($BB$4),0,6), IF(_xlpm.this="","",1+COUNTIF(_xlpm.pts,">"&_xlpm.this)) ) ) )}
A36: {=_xlfn.LET( _xlpm.r,ROW()-ROW($A$4)+1, _xlpm.n,ROWS(_xlfn.ANCHORARRAY($B$4)), IF(_xlpm.r>_xlpm.n,"", _xlfn.LET( _xlpm.this,INDEX(_xlfn.ANCHORARRAY($B$4),_xlpm.r,2), _xlpm.pts,INDEX(_xlfn.ANCHORARRAY($B$4),0,2), IF(_xlpm.this="","",1+COUNTIF(_xlpm.pts,">"&_xlpm.this)) ) ) )} | E36: {=_xlfn.LET( _xlpm.r,ROW()-ROW($E$4)+1, _xlpm.n,ROWS(_xlfn.ANCHORARRAY($F$4)), IF(_xlpm.r>_xlpm.n,"", _xlfn.LET( _xlpm.this,INDEX(_xlfn.ANCHORARRAY($F$4),_xlpm.r,6), _xlpm.pts,INDEX(_xlfn.ANCHORARRAY($F$4),0,6), IF(_xlpm.this="","",1+COUNTIF(_xlpm.pts,">"&_xlpm.this)) ) ) )} | M36: {=_xlfn.LET( _xlpm.r,ROW()-ROW($M$4)+1, _xlpm.n,ROWS(_xlfn.ANCHORARRAY($N$4)), IF(_xlpm.r>_xlpm.n,"", _xlfn.LET( _xlpm.this,INDEX(_xlfn.ANCHORARRAY($N$4),_xlpm.r,6), _xlpm.pts,INDEX(_xlfn.ANCHORARRAY($N$4),0,6), IF(_xlpm.this="","",1+COUNTIF(_xlpm.pts,">"&_xlpm.this)) ) ) )} | U36: {=_xlfn.LET( _xlpm.r,ROW()-ROW($U$4)+1, _xlpm.n,ROWS(_xlfn.ANCHORARRAY($V$4)), IF(_xlpm.r>_xlpm.n,"", _xlfn.LET( _xlpm.this,INDEX(_xlfn.ANCHORARRAY($V$4),_xlpm.r,6), _xlpm.pts,INDEX(_xlfn.ANCHORARRAY($V$4),0,6), IF(_xlpm.this="","",1+COUNTIF(_xlpm.pts,">"&_xlpm.this)) ) ) )} | AC36: {=_xlfn.LET( _xlpm.r,ROW()-ROW($U$4)+1, _xlpm.n,ROWS(_xlfn.ANCHORARRAY($V$4)), IF(_xlpm.r>_xlpm.n,"", _xlfn.LET( _xlpm.this,INDEX(_xlfn.ANCHORARRAY($V$4),_xlpm.r,6), _xlpm.pts,INDEX(_xlfn.ANCHORARRAY($V$4),0,6), IF(_xlpm.this="","",1+COUNTIF(_xlpm.pts,">"&_xlpm.this)) ) ) )} | AK36: {=_xlfn.LET( _xlpm.r,ROW()-ROW($U$4)+1, _xlpm.n,ROWS(_xlfn.ANCHORARRAY($V$4)), IF(_xlpm.r>_xlpm.n,"", _xlfn.LET( _xlpm.this,INDEX(_xlfn.ANCHORARRAY($V$4),_xlpm.r,6), _xlpm.pts,INDEX(_xlfn.ANCHORARRAY($V$4),0,6), IF(_xlpm.this="","",1+COUNTIF(_xlpm.pts,">"&_xlpm.this)) ) ) )} | AS36: {=_xlfn.LET( _xlpm.r,ROW()-ROW($AS$4)+1, _xlpm.n,ROWS(_xlfn.ANCHORARRAY($AT$4)), IF(_xlpm.r>_xlpm.n,"", _xlfn.LET( _xlpm.this,INDEX(_xlfn.ANCHORARRAY($AT$4),_xlpm.r,6), _xlpm.pts,INDEX(_xlfn.ANCHORARRAY($AT$4),0,6), IF(_xlpm.this="","",1+COUNTIF(_xlpm.pts,">"&_xlpm.this)) ) ) )} | BA36: {=_xlfn.LET( _xlpm.r,ROW()-ROW($BA$4)+1, _xlpm.n,ROWS(_xlfn.ANCHORARRAY($BB$4)), IF(_xlpm.r>_xlpm.n,"", _xlfn.LET( _xlpm.this,INDEX(_xlfn.ANCHORARRAY($BB$4),_xlpm.r,6), _xlpm.pts,INDEX(_xlfn.ANCHORARRAY($BB$4),0,6), IF(_xlpm.this="","",1+COUNTIF(_xlpm.pts,">"&_xlpm.this)) ) ) )}
A37: {=_xlfn.LET( _xlpm.r,ROW()-ROW($A$4)+1, _xlpm.n,ROWS(_xlfn.ANCHORARRAY($B$4)), IF(_xlpm.r>_xlpm.n,"", _xlfn.LET( _xlpm.this,INDEX(_xlfn.ANCHORARRAY($B$4),_xlpm.r,2), _xlpm.pts,INDEX(_xlfn.ANCHORARRAY($B$4),0,2), IF(_xlpm.this="","",1+COUNTIF(_xlpm.pts,">"&_xlpm.this)) ) ) )} | E37: {=_xlfn.LET( _xlpm.r,ROW()-ROW($E$4)+1, _xlpm.n,ROWS(_xlfn.ANCHORARRAY($F$4)), IF(_xlpm.r>_xlpm.n,"", _xlfn.LET( _xlpm.this,INDEX(_xlfn.ANCHORARRAY($F$4),_xlpm.r,6), _xlpm.pts,INDEX(_xlfn.ANCHORARRAY($F$4),0,6), IF(_xlpm.this="","",1+COUNTIF(_xlpm.pts,">"&_xlpm.this)) ) ) )} | M37: {=_xlfn.LET( _xlpm.r,ROW()-ROW($M$4)+1, _xlpm.n,ROWS(_xlfn.ANCHORARRAY($N$4)), IF(_xlpm.r>_xlpm.n,"", _xlfn.LET( _xlpm.this,INDEX(_xlfn.ANCHORARRAY($N$4),_xlpm.r,6), _xlpm.pts,INDEX(_xlfn.ANCHORARRAY($N$4),0,6), IF(_xlpm.this="","",1+COUNTIF(_xlpm.pts,">"&_xlpm.this)) ) ) )} | U37: {=_xlfn.LET( _xlpm.r,ROW()-ROW($U$4)+1, _xlpm.n,ROWS(_xlfn.ANCHORARRAY($V$4)), IF(_xlpm.r>_xlpm.n,"", _xlfn.LET( _xlpm.this,INDEX(_xlfn.ANCHORARRAY($V$4),_xlpm.r,6), _xlpm.pts,INDEX(_xlfn.ANCHORARRAY($V$4),0,6), IF(_xlpm.this="","",1+COUNTIF(_xlpm.pts,">"&_xlpm.this)) ) ) )} | AC37: {=_xlfn.LET( _xlpm.r,ROW()-ROW($U$4)+1, _xlpm.n,ROWS(_xlfn.ANCHORARRAY($V$4)), IF(_xlpm.r>_xlpm.n,"", _xlfn.LET( _xlpm.this,INDEX(_xlfn.ANCHORARRAY($V$4),_xlpm.r,6), _xlpm.pts,INDEX(_xlfn.ANCHORARRAY($V$4),0,6), IF(_xlpm.this="","",1+COUNTIF(_xlpm.pts,">"&_xlpm.this)) ) ) )} | AK37: {=_xlfn.LET( _xlpm.r,ROW()-ROW($U$4)+1, _xlpm.n,ROWS(_xlfn.ANCHORARRAY($V$4)), IF(_xlpm.r>_xlpm.n,"", _xlfn.LET( _xlpm.this,INDEX(_xlfn.ANCHORARRAY($V$4),_xlpm.r,6), _xlpm.pts,INDEX(_xlfn.ANCHORARRAY($V$4),0,6), IF(_xlpm.this="","",1+COUNTIF(_xlpm.pts,">"&_xlpm.this)) ) ) )} | AS37: {=_xlfn.LET( _xlpm.r,ROW()-ROW($AS$4)+1, _xlpm.n,ROWS(_xlfn.ANCHORARRAY($AT$4)), IF(_xlpm.r>_xlpm.n,"", _xlfn.LET( _xlpm.this,INDEX(_xlfn.ANCHORARRAY($AT$4),_xlpm.r,6), _xlpm.pts,INDEX(_xlfn.ANCHORARRAY($AT$4),0,6), IF(_xlpm.this="","",1+COUNTIF(_xlpm.pts,">"&_xlpm.this)) ) ) )} | BA37: {=_xlfn.LET( _xlpm.r,ROW()-ROW($BA$4)+1, _xlpm.n,ROWS(_xlfn.ANCHORARRAY($BB$4)), IF(_xlpm.r>_xlpm.n,"", _xlfn.LET( _xlpm.this,INDEX(_xlfn.ANCHORARRAY($BB$4),_xlpm.r,6), _xlpm.pts,INDEX(_xlfn.ANCHORARRAY($BB$4),0,6), IF(_xlpm.this="","",1+COUNTIF(_xlpm.pts,">"&_xlpm.this)) ) ) )}
A38: {=_xlfn.LET( _xlpm.r,ROW()-ROW($A$4)+1, _xlpm.n,ROWS(_xlfn.ANCHORARRAY($B$4)), IF(_xlpm.r>_xlpm.n,"", _xlfn.LET( _xlpm.this,INDEX(_xlfn.ANCHORARRAY($B$4),_xlpm.r,2), _xlpm.pts,INDEX(_xlfn.ANCHORARRAY($B$4),0,2), IF(_xlpm.this="","",1+COUNTIF(_xlpm.pts,">"&_xlpm.this)) ) ) )} | E38: {=_xlfn.LET( _xlpm.r,ROW()-ROW($E$4)+1, _xlpm.n,ROWS(_xlfn.ANCHORARRAY($F$4)), IF(_xlpm.r>_xlpm.n,"", _xlfn.LET( _xlpm.this,INDEX(_xlfn.ANCHORARRAY($F$4),_xlpm.r,6), _xlpm.pts,INDEX(_xlfn.ANCHORARRAY($F$4),0,6), IF(_xlpm.this="","",1+COUNTIF(_xlpm.pts,">"&_xlpm.this)) ) ) )} | M38: {=_xlfn.LET( _xlpm.r,ROW()-ROW($M$4)+1, _xlpm.n,ROWS(_xlfn.ANCHORARRAY($N$4)), IF(_xlpm.r>_xlpm.n,"", _xlfn.LET( _xlpm.this,INDEX(_xlfn.ANCHORARRAY($N$4),_xlpm.r,6), _xlpm.pts,INDEX(_xlfn.ANCHORARRAY($N$4),0,6), IF(_xlpm.this="","",1+COUNTIF(_xlpm.pts,">"&_xlpm.this)) ) ) )} | U38: {=_xlfn.LET( _xlpm.r,ROW()-ROW($U$4)+1, _xlpm.n,ROWS(_xlfn.ANCHORARRAY($V$4)), IF(_xlpm.r>_xlpm.n,"", _xlfn.LET( _xlpm.this,INDEX(_xlfn.ANCHORARRAY($V$4),_xlpm.r,6), _xlpm.pts,INDEX(_xlfn.ANCHORARRAY($V$4),0,6), IF(_xlpm.this="","",1+COUNTIF(_xlpm.pts,">"&_xlpm.this)) ) ) )} | AC38: {=_xlfn.LET( _xlpm.r,ROW()-ROW($U$4)+1, _xlpm.n,ROWS(_xlfn.ANCHORARRAY($V$4)), IF(_xlpm.r>_xlpm.n,"", _xlfn.LET( _xlpm.this,INDEX(_xlfn.ANCHORARRAY($V$4),_xlpm.r,6), _xlpm.pts,INDEX(_xlfn.ANCHORARRAY($V$4),0,6), IF(_xlpm.this="","",1+COUNTIF(_xlpm.pts,">"&_xlpm.this)) ) ) )} | AK38: {=_xlfn.LET( _xlpm.r,ROW()-ROW($U$4)+1, _xlpm.n,ROWS(_xlfn.ANCHORARRAY($V$4)), IF(_xlpm.r>_xlpm.n,"", _xlfn.LET( _xlpm.this,INDEX(_xlfn.ANCHORARRAY($V$4),_xlpm.r,6), _xlpm.pts,INDEX(_xlfn.ANCHORARRAY($V$4),0,6), IF(_xlpm.this="","",1+COUNTIF(_xlpm.pts,">"&_xlpm.this)) ) ) )} | AS38: {=_xlfn.LET( _xlpm.r,ROW()-ROW($AS$4)+1, _xlpm.n,ROWS(_xlfn.ANCHORARRAY($AT$4)), IF(_xlpm.r>_xlpm.n,"", _xlfn.LET( _xlpm.this,INDEX(_xlfn.ANCHORARRAY($AT$4),_xlpm.r,6), _xlpm.pts,INDEX(_xlfn.ANCHORARRAY($AT$4),0,6), IF(_xlpm.this="","",1+COUNTIF(_xlpm.pts,">"&_xlpm.this)) ) ) )} | BA38: {=_xlfn.LET( _xlpm.r,ROW()-ROW($BA$4)+1, _xlpm.n,ROWS(_xlfn.ANCHORARRAY($BB$4)), IF(_xlpm.r>_xlpm.n,"", _xlfn.LET( _xlpm.this,INDEX(_xlfn.ANCHORARRAY($BB$4),_xlpm.r,6), _xlpm.pts,INDEX(_xlfn.ANCHORARRAY($BB$4),0,6), IF(_xlpm.this="","",1+COUNTIF(_xlpm.pts,">"&_xlpm.this)) ) ) )}
A39: {=_xlfn.LET( _xlpm.r,ROW()-ROW($A$4)+1, _xlpm.n,ROWS(_xlfn.ANCHORARRAY($B$4)), IF(_xlpm.r>_xlpm.n,"", _xlfn.LET( _xlpm.this,INDEX(_xlfn.ANCHORARRAY($B$4),_xlpm.r,2), _xlpm.pts,INDEX(_xlfn.ANCHORARRAY($B$4),0,2), IF(_xlpm.this="","",1+COUNTIF(_xlpm.pts,">"&_xlpm.this)) ) ) )} | E39: {=_xlfn.LET( _xlpm.r,ROW()-ROW($E$4)+1, _xlpm.n,ROWS(_xlfn.ANCHORARRAY($F$4)), IF(_xlpm.r>_xlpm.n,"", _xlfn.LET( _xlpm.this,INDEX(_xlfn.ANCHORARRAY($F$4),_xlpm.r,6), _xlpm.pts,INDEX(_xlfn.ANCHORARRAY($F$4),0,6), IF(_xlpm.this="","",1+COUNTIF(_xlpm.pts,">"&_xlpm.this)) ) ) )} | M39: {=_xlfn.LET( _xlpm.r,ROW()-ROW($M$4)+1, _xlpm.n,ROWS(_xlfn.ANCHORARRAY($N$4)), IF(_xlpm.r>_xlpm.n,"", _xlfn.LET( _xlpm.this,INDEX(_xlfn.ANCHORARRAY($N$4),_xlpm.r,6), _xlpm.pts,INDEX(_xlfn.ANCHORARRAY($N$4),0,6), IF(_xlpm.this="","",1+COUNTIF(_xlpm.pts,">"&_xlpm.this)) ) ) )} | U39: {=_xlfn.LET( _xlpm.r,ROW()-ROW($U$4)+1, _xlpm.n,ROWS(_xlfn.ANCHORARRAY($V$4)), IF(_xlpm.r>_xlpm.n,"", _xlfn.LET( _xlpm.this,INDEX(_xlfn.ANCHORARRAY($V$4),_xlpm.r,6), _xlpm.pts,INDEX(_xlfn.ANCHORARRAY($V$4),0,6), IF(_xlpm.this="","",1+COUNTIF(_xlpm.pts,">"&_xlpm.this)) ) ) )} | AC39: {=_xlfn.LET( _xlpm.r,ROW()-ROW($U$4)+1, _xlpm.n,ROWS(_xlfn.ANCHORARRAY($V$4)), IF(_xlpm.r>_xlpm.n,"", _xlfn.LET( _xlpm.this,INDEX(_xlfn.ANCHORARRAY($V$4),_xlpm.r,6), _xlpm.pts,INDEX(_xlfn.ANCHORARRAY($V$4),0,6), IF(_xlpm.this="","",1+COUNTIF(_xlpm.pts,">"&_xlpm.this)) ) ) )} | AK39: {=_xlfn.LET( _xlpm.r,ROW()-ROW($U$4)+1, _xlpm.n,ROWS(_xlfn.ANCHORARRAY($V$4)), IF(_xlpm.r>_xlpm.n,"", _xlfn.LET( _xlpm.this,INDEX(_xlfn.ANCHORARRAY($V$4),_xlpm.r,6), _xlpm.pts,INDEX(_xlfn.ANCHORARRAY($V$4),0,6), IF(_xlpm.this="","",1+COUNTIF(_xlpm.pts,">"&_xlpm.this)) ) ) )} | AS39: {=_xlfn.LET( _xlpm.r,ROW()-ROW($AS$4)+1, _xlpm.n,ROWS(_xlfn.ANCHORARRAY($AT$4)), IF(_xlpm.r>_xlpm.n,"", _xlfn.LET( _xlpm.this,INDEX(_xlfn.ANCHORARRAY($AT$4),_xlpm.r,6), _xlpm.pts,INDEX(_xlfn.ANCHORARRAY($AT$4),0,6), IF(_xlpm.this="","",1+COUNTIF(_xlpm.pts,">"&_xlpm.this)) ) ) )} | BA39: {=_xlfn.LET( _xlpm.r,ROW()-ROW($BA$4)+1, _xlpm.n,ROWS(_xlfn.ANCHORARRAY($BB$4)), IF(_xlpm.r>_xlpm.n,"", _xlfn.LET( _xlpm.this,INDEX(_xlfn.ANCHORARRAY($BB$4),_xlpm.r,6), _xlpm.pts,INDEX(_xlfn.ANCHORARRAY($BB$4),0,6), IF(_xlpm.this="","",1+COUNTIF(_xlpm.pts,">"&_xlpm.this)) ) ) )}
A40: {=_xlfn.LET( _xlpm.r,ROW()-ROW($A$4)+1, _xlpm.n,ROWS(_xlfn.ANCHORARRAY($B$4)), IF(_xlpm.r>_xlpm.n,"", _xlfn.LET( _xlpm.this,INDEX(_xlfn.ANCHORARRAY($B$4),_xlpm.r,2), _xlpm.pts,INDEX(_xlfn.ANCHORARRAY($B$4),0,2), IF(_xlpm.this="","",1+COUNTIF(_xlpm.pts,">"&_xlpm.this)) ) ) )} | E40: {=_xlfn.LET( _xlpm.r,ROW()-ROW($E$4)+1, _xlpm.n,ROWS(_xlfn.ANCHORARRAY($F$4)), IF(_xlpm.r>_xlpm.n,"", _xlfn.LET( _xlpm.this,INDEX(_xlfn.ANCHORARRAY($F$4),_xlpm.r,6), _xlpm.pts,INDEX(_xlfn.ANCHORARRAY($F$4),0,6), IF(_xlpm.this="","",1+COUNTIF(_xlpm.pts,">"&_xlpm.this)) ) ) )} | M40: {=_xlfn.LET( _xlpm.r,ROW()-ROW($M$4)+1, _xlpm.n,ROWS(_xlfn.ANCHORARRAY($N$4)), IF(_xlpm.r>_xlpm.n,"", _xlfn.LET( _xlpm.this,INDEX(_xlfn.ANCHORARRAY($N$4),_xlpm.r,6), _xlpm.pts,INDEX(_xlfn.ANCHORARRAY($N$4),0,6), IF(_xlpm.this="","",1+COUNTIF(_xlpm.pts,">"&_xlpm.this)) ) ) )} | U40: {=_xlfn.LET( _xlpm.r,ROW()-ROW($U$4)+1, _xlpm.n,ROWS(_xlfn.ANCHORARRAY($V$4)), IF(_xlpm.r>_xlpm.n,"", _xlfn.LET( _xlpm.this,INDEX(_xlfn.ANCHORARRAY($V$4),_xlpm.r,6), _xlpm.pts,INDEX(_xlfn.ANCHORARRAY($V$4),0,6), IF(_xlpm.this="","",1+COUNTIF(_xlpm.pts,">"&_xlpm.this)) ) ) )} | AC40: {=_xlfn.LET( _xlpm.r,ROW()-ROW($U$4)+1, _xlpm.n,ROWS(_xlfn.ANCHORARRAY($V$4)), IF(_xlpm.r>_xlpm.n,"", _xlfn.LET( _xlpm.this,INDEX(_xlfn.ANCHORARRAY($V$4),_xlpm.r,6), _xlpm.pts,INDEX(_xlfn.ANCHORARRAY($V$4),0,6), IF(_xlpm.this="","",1+COUNTIF(_xlpm.pts,">"&_xlpm.this)) ) ) )} | AK40: {=_xlfn.LET( _xlpm.r,ROW()-ROW($U$4)+1, _xlpm.n,ROWS(_xlfn.ANCHORARRAY($V$4)), IF(_xlpm.r>_xlpm.n,"", _xlfn.LET( _xlpm.this,INDEX(_xlfn.ANCHORARRAY($V$4),_xlpm.r,6), _xlpm.pts,INDEX(_xlfn.ANCHORARRAY($V$4),0,6), IF(_xlpm.this="","",1+COUNTIF(_xlpm.pts,">"&_xlpm.this)) ) ) )} | AS40: {=_xlfn.LET( _xlpm.r,ROW()-ROW($AS$4)+1, _xlpm.n,ROWS(_xlfn.ANCHORARRAY($AT$4)), IF(_xlpm.r>_xlpm.n,"", _xlfn.LET( _xlpm.this,INDEX(_xlfn.ANCHORARRAY($AT$4),_xlpm.r,6), _xlpm.pts,INDEX(_xlfn.ANCHORARRAY($AT$4),0,6), IF(_xlpm.this="","",1+COUNTIF(_xlpm.pts,">"&_xlpm.this)) ) ) )} | BA40: {=_xlfn.LET( _xlpm.r,ROW()-ROW($BA$4)+1, _xlpm.n,ROWS(_xlfn.ANCHORARRAY($BB$4)), IF(_xlpm.r>_xlpm.n,"", _xlfn.LET( _xlpm.this,INDEX(_xlfn.ANCHORARRAY($BB$4),_xlpm.r,6), _xlpm.pts,INDEX(_xlfn.ANCHORARRAY($BB$4),0,6), IF(_xlpm.this="","",1+COUNTIF(_xlpm.pts,">"&_xlpm.this)) ) ) )}
A41: {=_xlfn.LET( _xlpm.r,ROW()-ROW($A$4)+1, _xlpm.n,ROWS(_xlfn.ANCHORARRAY($B$4)), IF(_xlpm.r>_xlpm.n,"", _xlfn.LET( _xlpm.this,INDEX(_xlfn.ANCHORARRAY($B$4),_xlpm.r,2), _xlpm.pts,INDEX(_xlfn.ANCHORARRAY($B$4),0,2), IF(_xlpm.this="","",1+COUNTIF(_xlpm.pts,">"&_xlpm.this)) ) ) )} | E41: {=_xlfn.LET( _xlpm.r,ROW()-ROW($E$4)+1, _xlpm.n,ROWS(_xlfn.ANCHORARRAY($F$4)), IF(_xlpm.r>_xlpm.n,"", _xlfn.LET( _xlpm.this,INDEX(_xlfn.ANCHORARRAY($F$4),_xlpm.r,6), _xlpm.pts,INDEX(_xlfn.ANCHORARRAY($F$4),0,6), IF(_xlpm.this="","",1+COUNTIF(_xlpm.pts,">"&_xlpm.this)) ) ) )} | M41: {=_xlfn.LET( _xlpm.r,ROW()-ROW($M$4)+1, _xlpm.n,ROWS(_xlfn.ANCHORARRAY($N$4)), IF(_xlpm.r>_xlpm.n,"", _xlfn.LET( _xlpm.this,INDEX(_xlfn.ANCHORARRAY($N$4),_xlpm.r,6), _xlpm.pts,INDEX(_xlfn.ANCHORARRAY($N$4),0,6), IF(_xlpm.this="","",1+COUNTIF(_xlpm.pts,">"&_xlpm.this)) ) ) )} | U41: {=_xlfn.LET( _xlpm.r,ROW()-ROW($U$4)+1, _xlpm.n,ROWS(_xlfn.ANCHORARRAY($V$4)), IF(_xlpm.r>_xlpm.n,"", _xlfn.LET( _xlpm.this,INDEX(_xlfn.ANCHORARRAY($V$4),_xlpm.r,6), _xlpm.pts,INDEX(_xlfn.ANCHORARRAY($V$4),0,6), IF(_xlpm.this="","",1+COUNTIF(_xlpm.pts,">"&_xlpm.this)) ) ) )} | AC41: {=_xlfn.LET( _xlpm.r,ROW()-ROW($U$4)+1, _xlpm.n,ROWS(_xlfn.ANCHORARRAY($V$4)), IF(_xlpm.r>_xlpm.n,"", _xlfn.LET( _xlpm.this,INDEX(_xlfn.ANCHORARRAY($V$4),_xlpm.r,6), _xlpm.pts,INDEX(_xlfn.ANCHORARRAY($V$4),0,6), IF(_xlpm.this="","",1+COUNTIF(_xlpm.pts,">"&_xlpm.this)) ) ) )} | AK41: {=_xlfn.LET( _xlpm.r,ROW()-ROW($U$4)+1, _xlpm.n,ROWS(_xlfn.ANCHORARRAY($V$4)), IF(_xlpm.r>_xlpm.n,"", _xlfn.LET( _xlpm.this,INDEX(_xlfn.ANCHORARRAY($V$4),_xlpm.r,6), _xlpm.pts,INDEX(_xlfn.ANCHORARRAY($V$4),0,6), IF(_xlpm.this="","",1+COUNTIF(_xlpm.pts,">"&_xlpm.this)) ) ) )} | AS41: {=_xlfn.LET( _xlpm.r,ROW()-ROW($AS$4)+1, _xlpm.n,ROWS(_xlfn.ANCHORARRAY($AT$4)), IF(_xlpm.r>_xlpm.n,"", _xlfn.LET( _xlpm.this,INDEX(_xlfn.ANCHORARRAY($AT$4),_xlpm.r,6), _xlpm.pts,INDEX(_xlfn.ANCHORARRAY($AT$4),0,6), IF(_xlpm.this="","",1+COUNTIF(_xlpm.pts,">"&_xlpm.this)) ) ) )} | BA41: {=_xlfn.LET( _xlpm.r,ROW()-ROW($BA$4)+1, _xlpm.n,ROWS(_xlfn.ANCHORARRAY($BB$4)), IF(_xlpm.r>_xlpm.n,"", _xlfn.LET( _xlpm.this,INDEX(_xlfn.ANCHORARRAY($BB$4),_xlpm.r,6), _xlpm.pts,INDEX(_xlfn.ANCHORARRAY($BB$4),0,6), IF(_xlpm.this="","",1+COUNTIF(_xlpm.pts,">"&_xlpm.this)) ) ) )}
A42: {=_xlfn.LET( _xlpm.r,ROW()-ROW($A$4)+1, _xlpm.n,ROWS(_xlfn.ANCHORARRAY($B$4)), IF(_xlpm.r>_xlpm.n,"", _xlfn.LET( _xlpm.this,INDEX(_xlfn.ANCHORARRAY($B$4),_xlpm.r,2), _xlpm.pts,INDEX(_xlfn.ANCHORARRAY($B$4),0,2), IF(_xlpm.this="","",1+COUNTIF(_xlpm.pts,">"&_xlpm.this)) ) ) )} | E42: {=_xlfn.LET( _xlpm.r,ROW()-ROW($E$4)+1, _xlpm.n,ROWS(_xlfn.ANCHORARRAY($F$4)), IF(_xlpm.r>_xlpm.n,"", _xlfn.LET( _xlpm.this,INDEX(_xlfn.ANCHORARRAY($F$4),_xlpm.r,6), _xlpm.pts,INDEX(_xlfn.ANCHORARRAY($F$4),0,6), IF(_xlpm.this="","",1+COUNTIF(_xlpm.pts,">"&_xlpm.this)) ) ) )} | M42: {=_xlfn.LET( _xlpm.r,ROW()-ROW($M$4)+1, _xlpm.n,ROWS(_xlfn.ANCHORARRAY($N$4)), IF(_xlpm.r>_xlpm.n,"", _xlfn.LET( _xlpm.this,INDEX(_xlfn.ANCHORARRAY($N$4),_xlpm.r,6), _xlpm.pts,INDEX(_xlfn.ANCHORARRAY($N$4),0,6), IF(_xlpm.this="","",1+COUNTIF(_xlpm.pts,">"&_xlpm.this)) ) ) )} | U42: {=_xlfn.LET( _xlpm.r,ROW()-ROW($U$4)+1, _xlpm.n,ROWS(_xlfn.ANCHORARRAY($V$4)), IF(_xlpm.r>_xlpm.n,"", _xlfn.LET( _xlpm.this,INDEX(_xlfn.ANCHORARRAY($V$4),_xlpm.r,6), _xlpm.pts,INDEX(_xlfn.ANCHORARRAY($V$4),0,6), IF(_xlpm.this="","",1+COUNTIF(_xlpm.pts,">"&_xlpm.this)) ) ) )} | AC42: {=_xlfn.LET( _xlpm.r,ROW()-ROW($U$4)+1, _xlpm.n,ROWS(_xlfn.ANCHORARRAY($V$4)), IF(_xlpm.r>_xlpm.n,"", _xlfn.LET( _xlpm.this,INDEX(_xlfn.ANCHORARRAY($V$4),_xlpm.r,6), _xlpm.pts,INDEX(_xlfn.ANCHORARRAY($V$4),0,6), IF(_xlpm.this="","",1+COUNTIF(_xlpm.pts,">"&_xlpm.this)) ) ) )} | AK42: {=_xlfn.LET( _xlpm.r,ROW()-ROW($U$4)+1, _xlpm.n,ROWS(_xlfn.ANCHORARRAY($V$4)), IF(_xlpm.r>_xlpm.n,"", _xlfn.LET( _xlpm.this,INDEX(_xlfn.ANCHORARRAY($V$4),_xlpm.r,6), _xlpm.pts,INDEX(_xlfn.ANCHORARRAY($V$4),0,6), IF(_xlpm.this="","",1+COUNTIF(_xlpm.pts,">"&_xlpm.this)) ) ) )} | AS42: {=_xlfn.LET( _xlpm.r,ROW()-ROW($AS$4)+1, _xlpm.n,ROWS(_xlfn.ANCHORARRAY($AT$4)), IF(_xlpm.r>_xlpm.n,"", _xlfn.LET( _xlpm.this,INDEX(_xlfn.ANCHORARRAY($AT$4),_xlpm.r,6), _xlpm.pts,INDEX(_xlfn.ANCHORARRAY($AT$4),0,6), IF(_xlpm.this="","",1+COUNTIF(_xlpm.pts,">"&_xlpm.this)) ) ) )} | BA42: {=_xlfn.LET( _xlpm.r,ROW()-ROW($BA$4)+1, _xlpm.n,ROWS(_xlfn.ANCHORARRAY($BB$4)), IF(_xlpm.r>_xlpm.n,"", _xlfn.LET( _xlpm.this,INDEX(_xlfn.ANCHORARRAY($BB$4),_xlpm.r,6), _xlpm.pts,INDEX(_xlfn.ANCHORARRAY($BB$4),0,6), IF(_xlpm.this="","",1+COUNTIF(_xlpm.pts,">"&_xlpm.this)) ) ) )}
... A53: {=_xlfn.LET( _xlpm.r,ROW()-ROW($A$4)+1, _xlpm.n,ROWS(_xlfn.ANCHORARRAY($B$4)), IF(_xlpm.r>_xlpm.n,"", _xlfn.LET( _xlpm.this,INDEX(_xlfn.ANCHORARRAY($B$4),_xlpm.r,2), _xlpm.pts,INDEX(_xlfn.ANCHORARRAY($B$4),0,2), IF(_xlpm.this="","",1+COUNTIF(_xlpm.pts,">"&_xlpm.this)) ) ) )} | E53: {=_xlfn.LET( _xlpm.r,ROW()-ROW($E$4)+1, _xlpm.n,ROWS(_xlfn.ANCHORARRAY($F$4)), IF(_xlpm.r>_xlpm.n,"", _xlfn.LET( _xlpm.this,INDEX(_xlfn.ANCHORARRAY($F$4),_xlpm.r,6), _xlpm.pts,INDEX(_xlfn.ANCHORARRAY($F$4),0,6), IF(_xlpm.this="","",1+COUNTIF(_xlpm.pts,">"&_xlpm.this)) ) ) )} | M53: {=_xlfn.LET( _xlpm.r,ROW()-ROW($M$4)+1, _xlpm.n,ROWS(_xlfn.ANCHORARRAY($N$4)), IF(_xlpm.r>_xlpm.n,"", _xlfn.LET( _xlpm.this,INDEX(_xlfn.ANCHORARRAY($N$4),_xlpm.r,6), _xlpm.pts,INDEX(_xlfn.ANCHORARRAY($N$4),0,6), IF(_xlpm.this="","",1+COUNTIF(_xlpm.pts,">"&_xlpm.this)) ) ) )} | U53: {=_xlfn.LET( _xlpm.r,ROW()-ROW($U$4)+1, _xlpm.n,ROWS(_xlfn.ANCHORARRAY($V$4)), IF(_xlpm.r>_xlpm.n,"", _xlfn.LET( _xlpm.this,INDEX(_xlfn.ANCHORARRAY($V$4),_xlpm.r,6), _xlpm.pts,INDEX(_xlfn.ANCHORARRAY($V$4),0,6), IF(_xlpm.this="","",1+COUNTIF(_xlpm.pts,">"&_xlpm.this)) ) ) )} | AC53: {=_xlfn.LET( _xlpm.r,ROW()-ROW($U$4)+1, _xlpm.n,ROWS(_xlfn.ANCHORARRAY($V$4)), IF(_xlpm.r>_xlpm.n,"", _xlfn.LET( _xlpm.this,INDEX(_xlfn.ANCHORARRAY($V$4),_xlpm.r,6), _xlpm.pts,INDEX(_xlfn.ANCHORARRAY($V$4),0,6), IF(_xlpm.this="","",1+COUNTIF(_xlpm.pts,">"&_xlpm.this)) ) ) )} | AK53: {=_xlfn.LET( _xlpm.r,ROW()-ROW($U$4)+1, _xlpm.n,ROWS(_xlfn.ANCHORARRAY($V$4)), IF(_xlpm.r>_xlpm.n,"", _xlfn.LET( _xlpm.this,INDEX(_xlfn.ANCHORARRAY($V$4),_xlpm.r,6), _xlpm.pts,INDEX(_xlfn.ANCHORARRAY($V$4),0,6), IF(_xlpm.this="","",1+COUNTIF(_xlpm.pts,">"&_xlpm.this)) ) ) )} | AS53: {=_xlfn.LET( _xlpm.r,ROW()-ROW($AS$4)+1, _xlpm.n,ROWS(_xlfn.ANCHORARRAY($AT$4)), IF(_xlpm.r>_xlpm.n,"", _xlfn.LET( _xlpm.this,INDEX(_xlfn.ANCHORARRAY($AT$4),_xlpm.r,6), _xlpm.pts,INDEX(_xlfn.ANCHORARRAY($AT$4),0,6), IF(_xlpm.this="","",1+COUNTIF(_xlpm.pts,">"&_xlpm.this)) ) ) )} | BA53: {=_xlfn.LET( _xlpm.r,ROW()-ROW($BA$4)+1, _xlpm.n,ROWS(_xlfn.ANCHORARRAY($BB$4)), IF(_xlpm.r>_xlpm.n,"", _xlfn.LET( _xlpm.this,INDEX(_xlfn.ANCHORARRAY($BB$4),_xlpm.r,6), _xlpm.pts,INDEX(_xlfn.ANCHORARRAY($BB$4),0,6), IF(_xlpm.this="","",1+COUNTIF(_xlpm.pts,">"&_xlpm.this)) ) ) )}
E54: {=_xlfn.LET( _xlpm.r,ROW()-ROW($E$4)+1, _xlpm.n,ROWS(_xlfn.ANCHORARRAY($F$4)), IF(_xlpm.r>_xlpm.n,"", _xlfn.LET( _xlpm.this,INDEX(_xlfn.ANCHORARRAY($F$4),_xlpm.r,6), _xlpm.pts,INDEX(_xlfn.ANCHORARRAY($F$4),0,6), IF(_xlpm.this="","",1+COUNTIF(_xlpm.pts,">"&_xlpm.this)) ) ) )} | M54: {=_xlfn.LET( _xlpm.r,ROW()-ROW($M$4)+1, _xlpm.n,ROWS(_xlfn.ANCHORARRAY($N$4)), IF(_xlpm.r>_xlpm.n,"", _xlfn.LET( _xlpm.this,INDEX(_xlfn.ANCHORARRAY($N$4),_xlpm.r,6), _xlpm.pts,INDEX(_xlfn.ANCHORARRAY($N$4),0,6), IF(_xlpm.this="","",1+COUNTIF(_xlpm.pts,">"&_xlpm.this)) ) ) )} | U54: {=_xlfn.LET( _xlpm.r,ROW()-ROW($U$4)+1, _xlpm.n,ROWS(_xlfn.ANCHORARRAY($V$4)), IF(_xlpm.r>_xlpm.n,"", _xlfn.LET( _xlpm.this,INDEX(_xlfn.ANCHORARRAY($V$4),_xlpm.r,6), _xlpm.pts,INDEX(_xlfn.ANCHORARRAY($V$4),0,6), IF(_xlpm.this="","",1+COUNTIF(_xlpm.pts,">"&_xlpm.this)) ) ) )} | AC54: {=_xlfn.LET( _xlpm.r,ROW()-ROW($U$4)+1, _xlpm.n,ROWS(_xlfn.ANCHORARRAY($V$4)), IF(_xlpm.r>_xlpm.n,"", _xlfn.LET( _xlpm.this,INDEX(_xlfn.ANCHORARRAY($V$4),_xlpm.r,6), _xlpm.pts,INDEX(_xlfn.ANCHORARRAY($V$4),0,6), IF(_xlpm.this="","",1+COUNTIF(_xlpm.pts,">"&_xlpm.this)) ) ) )} | AK54: {=_xlfn.LET( _xlpm.r,ROW()-ROW($U$4)+1, _xlpm.n,ROWS(_xlfn.ANCHORARRAY($V$4)), IF(_xlpm.r>_xlpm.n,"", _xlfn.LET( _xlpm.this,INDEX(_xlfn.ANCHORARRAY($V$4),_xlpm.r,6), _xlpm.pts,INDEX(_xlfn.ANCHORARRAY($V$4),0,6), IF(_xlpm.this="","",1+COUNTIF(_xlpm.pts,">"&_xlpm.this)) ) ) )} | AS54: {=_xlfn.LET( _xlpm.r,ROW()-ROW($AS$4)+1, _xlpm.n,ROWS(_xlfn.ANCHORARRAY($AT$4)), IF(_xlpm.r>_xlpm.n,"", _xlfn.LET( _xlpm.this,INDEX(_xlfn.ANCHORARRAY($AT$4),_xlpm.r,6), _xlpm.pts,INDEX(_xlfn.ANCHORARRAY($AT$4),0,6), IF(_xlpm.this="","",1+COUNTIF(_xlpm.pts,">"&_xlpm.this)) ) ) )} | BA54: {=_xlfn.LET( _xlpm.r,ROW()-ROW($BA$4)+1, _xlpm.n,ROWS(_xlfn.ANCHORARRAY($BB$4)), IF(_xlpm.r>_xlpm.n,"", _xlfn.LET( _xlpm.this,INDEX(_xlfn.ANCHORARRAY($BB$4),_xlpm.r,6), _xlpm.pts,INDEX(_xlfn.ANCHORARRAY($BB$4),0,6), IF(_xlpm.this="","",1+COUNTIF(_xlpm.pts,">"&_xlpm.this)) ) ) )}
M55: {=_xlfn.LET( _xlpm.r,ROW()-ROW($M$4)+1, _xlpm.n,ROWS(_xlfn.ANCHORARRAY($N$4)), IF(_xlpm.r>_xlpm.n,"", _xlfn.LET( _xlpm.this,INDEX(_xlfn.ANCHORARRAY($N$4),_xlpm.r,6), _xlpm.pts,INDEX(_xlfn.ANCHORARRAY($N$4),0,6), IF(_xlpm.this="","",1+COUNTIF(_xlpm.pts,">"&_xlpm.this)) ) ) )} | U55: {=_xlfn.LET( _xlpm.r,ROW()-ROW($U$4)+1, _xlpm.n,ROWS(_xlfn.ANCHORARRAY($V$4)), IF(_xlpm.r>_xlpm.n,"", _xlfn.LET( _xlpm.this,INDEX(_xlfn.ANCHORARRAY($V$4),_xlpm.r,6), _xlpm.pts,INDEX(_xlfn.ANCHORARRAY($V$4),0,6), IF(_xlpm.this="","",1+COUNTIF(_xlpm.pts,">"&_xlpm.this)) ) ) )} | AC55: {=_xlfn.LET( _xlpm.r,ROW()-ROW($U$4)+1, _xlpm.n,ROWS(_xlfn.ANCHORARRAY($V$4)), IF(_xlpm.r>_xlpm.n,"", _xlfn.LET( _xlpm.this,INDEX(_xlfn.ANCHORARRAY($V$4),_xlpm.r,6), _xlpm.pts,INDEX(_xlfn.ANCHORARRAY($V$4),0,6), IF(_xlpm.this="","",1+COUNTIF(_xlpm.pts,">"&_xlpm.this)) ) ) )} | AK55: {=_xlfn.LET( _xlpm.r,ROW()-ROW($U$4)+1, _xlpm.n,ROWS(_xlfn.ANCHORARRAY($V$4)), IF(_xlpm.r>_xlpm.n,"", _xlfn.LET( _xlpm.this,INDEX(_xlfn.ANCHORARRAY($V$4),_xlpm.r,6), _xlpm.pts,INDEX(_xlfn.ANCHORARRAY($V$4),0,6), IF(_xlpm.this="","",1+COUNTIF(_xlpm.pts,">"&_xlpm.this)) ) ) )}
U56: {=_xlfn.LET( _xlpm.r,ROW()-ROW($U$4)+1, _xlpm.n,ROWS(_xlfn.ANCHORARRAY($V$4)), IF(_xlpm.r>_xlpm.n,"", _xlfn.LET( _xlpm.this,INDEX(_xlfn.ANCHORARRAY($V$4),_xlpm.r,6), _xlpm.pts,INDEX(_xlfn.ANCHORARRAY($V$4),0,6), IF(_xlpm.this="","",1+COUNTIF(_xlpm.pts,">"&_xlpm.this)) ) ) )} | AC56: {=_xlfn.LET( _xlpm.r,ROW()-ROW($U$4)+1, _xlpm.n,ROWS(_xlfn.ANCHORARRAY($V$4)), IF(_xlpm.r>_xlpm.n,"", _xlfn.LET( _xlpm.this,INDEX(_xlfn.ANCHORARRAY($V$4),_xlpm.r,6), _xlpm.pts,INDEX(_xlfn.ANCHORARRAY($V$4),0,6), IF(_xlpm.this="","",1+COUNTIF(_xlpm.pts,">"&_xlpm.this)) ) ) )} | AK56: {=_xlfn.LET( _xlpm.r,ROW()-ROW($U$4)+1, _xlpm.n,ROWS(_xlfn.ANCHORARRAY($V$4)), IF(_xlpm.r>_xlpm.n,"", _xlfn.LET( _xlpm.this,INDEX(_xlfn.ANCHORARRAY($V$4),_xlpm.r,6), _xlpm.pts,INDEX(_xlfn.ANCHORARRAY($V$4),0,6), IF(_xlpm.this="","",1+COUNTIF(_xlpm.pts,">"&_xlpm.this)) ) ) )}

Sheet Results - B
A1: Overall | E1: Stage 1 | M1: Stage 2 | U1: Stage 3a | AC1: Stage 3b | AK1: Stage 4 | AS1: Stage 5 | BA1: Stage 6
